{
"type": "FeatureCollection",
"name": "regions_qc",
"crs": { "type": "name", "properties": { "name": "urn:ogc:def:crs:OGC:1.3:CRS84" } },
"features": [
{ "type": "Feature", "properties": { "code": "01", "nom": "Bas-Saint-Laurent", "slug": "bas-saint-laurent" }, "geometry": { "type": "Polygon", "coordinates": [ [ [ -67.153339127014647, 49.189064045256735 ], [ -66.83241072812622, 48.985136347134571 ], [ -66.733506949884116, 49.017500775089786 ], [ -66.699321457742457, 48.988670143097394 ], [ -66.704515746091303, 48.978267377957891 ], [ -66.696808026069405, 48.971183632915483 ], [ -66.695614746539817, 48.920690354431656 ], [ -66.714669600742326, 48.909469009899674 ], [ -66.704415221852628, 48.902873331078361 ], [ -66.53731512676768, 48.957826534783486 ], [ -65.948498213896087, 48.567089135459874 ], [ -66.97416000404084, 48.30315643831247 ], [ -66.836773198575358, 48.147513205060655 ], [ -66.900371171904311, 48.200354937606541 ], [ -66.934526158437961, 48.181129424234413 ], [ -66.879575158118058, 48.136969375961179 ], [ -67.098375513587001, 48.0851823653773 ], [ -67.09815975523351, 48.078360695265346 ], [ -67.277547803726435, 48.031538036991876 ], [ -67.37460317028534, 48.19489260044584 ], [ -67.666774577335417, 48.118471035744044 ], [ -67.649434409612411, 48.081061745860218 ], [ -67.631184946203078, 48.077886531992512 ], [ -67.586756604664302, 48.048696898489659 ], [ -67.59566270612747, 48.026446602904436 ], [ -67.587216186491489, 48.011032324746978 ], [ -67.597844169892724, 48.00011227874711 ], [ -68.12289343043679, 47.999977324762114 ], [ -68.122893950171871, 47.91644817765917 ], [ -68.383070313908021, 47.916532912747826 ], [ -68.382966457003391, 47.553329506707648 ], [ -68.569364628652437, 47.426996434450302 ], [ -68.798848315170787, 47.348995560799892 ], [ -69.051056072348771, 47.300253314060001 ], [ -69.054861111, 47.377694444 ], [ -69.039638889, 47.384194444 ], [ -69.045388889, 47.392972222 ], [ -69.037555556, 47.396833333 ], [ -69.042722222, 47.401972222 ], [ -69.040027778, 47.40025 ], [ -69.035222222, 47.401805556 ], [ -69.042472222, 47.40475 ], [ -69.030583333, 47.407416667 ], [ -69.04225, 47.415694444 ], [ -69.043194444, 47.426777778 ], [ -69.047416667, 47.427722222 ], [ -69.046527778, 47.42425 ], [ -69.052138889, 47.422138889 ], [ -69.052111111, 47.43 ], [ -69.063527778, 47.434055556 ], [ -69.090916667, 47.424277778 ], [ -69.098861111, 47.431444444 ], [ -69.107722222, 47.427666667 ], [ -69.107777778, 47.435361111 ], [ -69.122, 47.442694444 ], [ -69.16225, 47.447416667 ], [ -69.178888889, 47.457361111 ], [ -69.205194444, 47.451944444 ], [ -69.224444444, 47.459833333 ], [ -69.625297363448183, 47.066733369880282 ], [ -69.973702647405489, 47.291261493780851 ], [ -70.003020244208486, 47.278459291895864 ], [ -70.198259971187682, 47.411201398154695 ], [ -70.135451972676037, 47.46761623456905 ], [ -70.098533423511043, 47.531225932581457 ], [ -70.065892218161224, 47.56833688905332 ], [ -69.958248212611338, 47.636864754285412 ], [ -69.910550124179863, 47.679365354230484 ], [ -69.819879173023779, 47.828781683319427 ], [ -69.699842606339217, 47.963337486436885 ], [ -69.655897033389493, 47.994559858555398 ], [ -69.548368976506907, 48.049451300814894 ], [ -69.289602119926528, 48.251121627797588 ], [ -69.024341040640635, 48.435482346541683 ], [ -68.72346425171888, 48.621038644865514 ], [ -68.467535696036038, 48.758094156354026 ], [ -68.173272458774903, 48.881427193359706 ], [ -67.592496950065467, 49.078342878008705 ], [ -67.241176322869237, 49.156758667817549 ], [ -67.153339127014647, 49.189064045256735 ] ] ] } },
{ "type": "Feature", "properties": { "code": "02", "nom": "Saguenay–Lac-Saint-Jean", "slug": "saguenaylac-saint-jean" }, "geometry": { "type": "Polygon", "coordinates": [ [ [ -70.031574994458879, 52.832087798858311 ], [ -70.02453209570217, 52.500084477378323 ], [ -70.024755618207166, 50.000055768541358 ], [ -70.021646404406624, 49.796609339386066 ], [ -70.010423624824455, 49.796525965248236 ], [ -70.007991993990402, 48.357004321842055 ], [ -70.077875757910306, 48.252827766992766 ], [ -70.016463178154766, 48.256536049523049 ], [ -69.887263479115063, 48.220646023520544 ], [ -69.871083029109002, 48.186175247729068 ], [ -69.956151179463689, 48.056790719397839 ], [ -70.171875257833676, 48.124825941748668 ], [ -70.263649376844285, 47.992928208601825 ], [ -71.159787745672531, 48.000397089962121 ], [ -71.411781828118478, 47.995771964326423 ], [ -71.409182659784847, 47.976732954582872 ], [ -71.37577434105873, 47.974001833454849 ], [ -71.379994127616669, 47.950043329976495 ], [ -72.073470361444151, 47.949990027371314 ], [ -72.123637484830169, 47.998568371454098 ], [ -73.017742358867793, 47.998582571312284 ], [ -73.834388764776691, 48.543036340945889 ], [ -74.47334948084324, 48.946674928067807 ], [ -74.459206901506207, 48.95630201767807 ], [ -74.453479291607721, 48.971619901352256 ], [ -74.442051731341564, 48.975059211524751 ], [ -74.435990268152239, 48.951564520822842 ], [ -74.450024461043256, 48.942627470344689 ], [ -74.441019494041484, 48.932035376291992 ], [ -74.417807101993901, 48.935172213111059 ], [ -74.40237949710297, 48.92221786200389 ], [ -74.390160873982381, 48.936000413519594 ], [ -74.369298915249146, 48.93892044868528 ], [ -74.354453572891089, 48.935038417938642 ], [ -74.362302195330415, 48.917892999436219 ], [ -74.331658854130978, 48.922209945041686 ], [ -74.334945817545588, 48.966531324839593 ], [ -74.300100541175823, 48.975051892237161 ], [ -74.285232517440363, 48.990586158938413 ], [ -74.288139029125034, 49.009402411744588 ], [ -74.303257140712617, 49.013997280071465 ], [ -74.297722550762558, 49.026670481799556 ], [ -74.306763423124323, 49.041571620946854 ], [ -74.291987403599137, 49.04209168290015 ], [ -74.288229004038669, 49.068431237275092 ], [ -74.278150228280424, 49.070190957895477 ], [ -74.273300938335296, 49.08923137110412 ], [ -74.280046557619414, 49.100081852398546 ], [ -74.267026980332389, 49.104149317523934 ], [ -74.264421198000264, 49.137374609558378 ], [ -74.244213630860315, 49.136229628936974 ], [ -74.250473217226784, 49.15952837478676 ], [ -74.244248497581907, 49.16424701039324 ], [ -74.253005301323128, 49.170909628689628 ], [ -74.239317059712903, 49.195388708476116 ], [ -74.243969846659581, 49.20409990679417 ], [ -74.227217546919007, 49.217122300166011 ], [ -74.229509612857385, 49.282099247754672 ], [ -74.236496967878338, 49.287464736072138 ], [ -74.2500808880406, 49.28980670842418 ], [ -74.250077570844439, 49.280603381269941 ], [ -74.266049319903061, 49.273289150110145 ], [ -74.270418421796762, 49.286834978218792 ], [ -74.283372270222856, 49.287851582893211 ], [ -74.289072709885829, 49.279994288218745 ], [ -74.294565335895072, 49.289091523941522 ], [ -74.303400628736597, 49.283450645066068 ], [ -74.310702377359121, 49.258078990545073 ], [ -74.315477305637046, 49.272806244786636 ], [ -74.336133413721313, 49.272237177235127 ], [ -74.330148543198845, 49.283213720877143 ], [ -74.335133189024987, 49.288233525740679 ], [ -74.381230224142655, 49.301656720693586 ], [ -74.374842676398146, 49.316433385651692 ], [ -74.399125807501946, 49.321417867843309 ], [ -74.409456279189612, 49.314205756408853 ], [ -74.432853518167406, 49.323846801967193 ], [ -74.393395345015279, 49.36999114004152 ], [ -74.415701619343963, 49.382013009379591 ], [ -74.405721195369949, 49.391922276180821 ], [ -74.405427831937118, 49.428230695148216 ], [ -74.374935469729849, 49.442799013060096 ], [ -74.374236836621208, 49.456721223371233 ], [ -74.387205210437287, 49.458331912198901 ], [ -74.393706640652965, 49.474782579700559 ], [ -74.340895822006701, 49.505129842734789 ], [ -74.321526413562879, 49.492496446446751 ], [ -74.335809920349391, 49.476242474087428 ], [ -74.297315933183768, 49.484276247992909 ], [ -74.254526963323201, 49.511968346041385 ], [ -74.247899075087162, 49.518196628081682 ], [ -74.268428964344992, 49.523812974019904 ], [ -74.25210639153039, 49.545628399083284 ], [ -74.252650533795247, 49.56710252804487 ], [ -74.228219339113878, 49.568859894504158 ], [ -74.224981784704767, 49.585699509134542 ], [ -74.198506248540127, 49.610178317685211 ], [ -74.184394185418682, 49.645781229362854 ], [ -74.191328438962842, 49.655704732222091 ], [ -74.181497511497128, 49.679182617449328 ], [ -74.141625457503551, 49.679537938847261 ], [ -74.110233214767163, 49.706164152359634 ], [ -74.11122165117996, 49.719616641184757 ], [ -74.098418152827321, 49.735391377151871 ], [ -74.016619361218318, 49.735327510013235 ], [ -74.016589415838837, 49.801872518293521 ], [ -74.000271383666302, 49.808025542077701 ], [ -73.983059113336992, 49.833356400049752 ], [ -73.955236462836694, 49.843923134460795 ], [ -73.920078134840026, 49.89252155392569 ], [ -73.912213719071985, 49.892655828979514 ], [ -73.904210605055255, 49.910164698495691 ], [ -73.908949420958947, 49.929450441613199 ], [ -73.890074272564618, 49.960479525527376 ], [ -73.866107485422731, 49.965067185723683 ], [ -73.857214626897928, 49.992246034608002 ], [ -73.847363470659275, 49.999728942555009 ], [ -73.851724387412673, 50.011196905065788 ], [ -73.822325741018858, 50.01386119797013 ], [ -73.787170982234841, 50.056495629589563 ], [ -73.777062009824306, 50.082732912778681 ], [ -73.78990289105792, 50.101415269987854 ], [ -73.774629130217363, 50.120027505234191 ], [ -73.792289462709334, 50.135953967053752 ], [ -73.769990098882033, 50.155059675410484 ], [ -73.783966483039876, 50.170043027502686 ], [ -73.785067021302268, 50.187813524089449 ], [ -73.770337074998679, 50.215326459940457 ], [ -73.745342548141821, 50.231744567368537 ], [ -73.732855974274344, 50.216358690052175 ], [ -73.684497464680987, 50.211683737271699 ], [ -73.67228712058818, 50.226228016680636 ], [ -73.678428817952181, 50.237893924033472 ], [ -73.632119157741954, 50.286402210140693 ], [ -73.618824595761453, 50.305566545087572 ], [ -73.612197190982954, 50.338912679653902 ], [ -73.594997076396282, 50.349585265215353 ], [ -73.609765067721867, 50.356434502020818 ], [ -73.611694686705903, 50.365134067568192 ], [ -73.609799549912111, 50.386015556211817 ], [ -73.593429194707824, 50.403465048617875 ], [ -73.58048007350061, 50.407893872365094 ], [ -73.574045147740094, 50.396619625569713 ], [ -73.583953516524389, 50.371644621578412 ], [ -73.57361514593191, 50.359636563220306 ], [ -73.507844651983135, 50.385160317146131 ], [ -73.494313997866698, 50.381542842221904 ], [ -73.486034764580722, 50.400580425687508 ], [ -73.477584184279863, 50.368736028423655 ], [ -73.459726961931779, 50.368210812327789 ], [ -73.457256807485351, 50.405219571209955 ], [ -73.414559964200237, 50.462416044486019 ], [ -73.399830569473295, 50.468064478265376 ], [ -73.401545772128657, 50.480874147846976 ], [ -73.385489005095906, 50.515263325214391 ], [ -73.371198706969096, 50.522039878284204 ], [ -73.373632025277743, 50.530535981591129 ], [ -73.353071595532072, 50.533119569677524 ], [ -73.355032715810864, 50.543040079038008 ], [ -73.335458134576811, 50.578364881520088 ], [ -73.310137088461033, 50.577232657308286 ], [ -73.306951358518347, 50.607782093045103 ], [ -73.294619867817346, 50.617954706712794 ], [ -73.29535952203122, 50.628720316093279 ], [ -73.257017001300426, 50.652160213998798 ], [ -73.269300447387025, 50.657542056057025 ], [ -73.250414842093278, 50.69242439809409 ], [ -73.204381535315633, 50.705839381129977 ], [ -73.183699247213667, 50.701483754462288 ], [ -73.17223103096876, 50.729347718144084 ], [ -73.147072425576994, 50.750542239321476 ], [ -73.130042162051268, 50.743758115592755 ], [ -73.107824158045332, 50.751722722053501 ], [ -73.104828116825843, 50.738422159372419 ], [ -73.088271086185841, 50.739565805879522 ], [ -73.074587124246818, 50.725908201901234 ], [ -73.079714572659839, 50.714364315439411 ], [ -73.074634995789609, 50.704459064813477 ], [ -73.058611755593233, 50.709103579953251 ], [ -73.023141474548481, 50.697911788954571 ], [ -73.039873478966797, 50.669310064484648 ], [ -73.048179184963828, 50.667054114777955 ], [ -73.051688608955317, 50.656546213331922 ], [ -73.044625933806969, 50.654459722823731 ], [ -73.014584899640283, 50.673241866934177 ], [ -72.996941129328775, 50.670042483920497 ], [ -72.950845031451706, 50.718122887846675 ], [ -72.940964053641437, 50.713409452546273 ], [ -72.927665318527602, 50.751353456851973 ], [ -72.934312324222617, 50.762943434103647 ], [ -72.903206820267826, 50.768188250829496 ], [ -72.878144108072263, 50.805846951618719 ], [ -72.857900681641297, 50.812444509634702 ], [ -72.782258877677521, 50.825513901808336 ], [ -72.752005133560431, 50.820910537914926 ], [ -72.743575636435651, 50.795054784765398 ], [ -72.722162721569362, 50.798718593103501 ], [ -72.727897742166988, 50.791816693768965 ], [ -72.722248832699051, 50.784797223576675 ], [ -72.733360580402973, 50.775566483747468 ], [ -72.731350348729734, 50.761784250765572 ], [ -72.703726555891535, 50.781506467216445 ], [ -72.683127085144406, 50.765179504724983 ], [ -72.68499595519387, 50.754249406347299 ], [ -72.675510700484097, 50.743936505523322 ], [ -72.658426066764889, 50.75268022356164 ], [ -72.648286737839896, 50.747648244154448 ], [ -72.640735318064628, 50.772082861016713 ], [ -72.626580739706355, 50.776127241037273 ], [ -72.625065000772338, 50.792006306517578 ], [ -72.608426916605822, 50.806179753088315 ], [ -72.601918743365161, 50.825330607524961 ], [ -72.609365254824354, 50.831175972273797 ], [ -72.600466470112849, 50.832265108534614 ], [ -72.607856772287391, 50.836382328093521 ], [ -72.598676865332664, 50.837092940013576 ], [ -72.577454046137177, 50.859754792783576 ], [ -72.567973709630962, 50.871907828732162 ], [ -72.576249593657394, 50.880436797819073 ], [ -72.567190839113721, 50.885429230729187 ], [ -72.549360926299471, 50.858435093976425 ], [ -72.567730925734224, 50.832151161380693 ], [ -72.563287566227416, 50.808274733265193 ], [ -72.55451981832158, 50.802499077115726 ], [ -72.573375832499437, 50.750117395743587 ], [ -72.532589858173651, 50.767361580877434 ], [ -72.530643331767806, 50.74298129165885 ], [ -72.509322655912797, 50.759641262328159 ], [ -72.510429795782102, 50.748418535001861 ], [ -72.502167861783448, 50.755874060282224 ], [ -72.480711567244668, 50.750879134025638 ], [ -72.470280017219295, 50.784273812598656 ], [ -72.436482965098264, 50.783028885178624 ], [ -72.43650441900138, 50.791404569185602 ], [ -72.397509811883765, 50.813325279625531 ], [ -72.376287054039324, 50.856003207062372 ], [ -72.383027839969202, 50.869570685037786 ], [ -72.378226629827282, 50.888110075453881 ], [ -72.339739183559004, 50.885669226339587 ], [ -72.302207494422873, 50.91626237177752 ], [ -72.293515819976108, 50.952506994889575 ], [ -72.269595334337396, 50.951076254883105 ], [ -72.260032927130965, 50.972542316925285 ], [ -72.267177267055672, 50.998536472640865 ], [ -72.261556930901577, 51.003590719000101 ], [ -72.232564965978952, 51.006851236266414 ], [ -72.222817636175989, 51.025204799840196 ], [ -72.191667192447767, 51.029393868435534 ], [ -72.186494303105405, 51.014025262996938 ], [ -72.197975992391378, 50.990417843475655 ], [ -72.156027500507321, 50.978592714760509 ], [ -72.161065948739065, 50.990609662410805 ], [ -72.15238366293795, 51.005371366964084 ], [ -72.159853409289326, 51.01078870604988 ], [ -72.155804936778452, 51.032114316146192 ], [ -72.137889325543256, 51.053238073845819 ], [ -72.14471402719596, 51.069418869200263 ], [ -72.130926251135008, 51.074464330364492 ], [ -72.116314045001559, 51.102935114656077 ], [ -72.107428723451505, 51.105159803335198 ], [ -72.105885808650783, 51.118227940819338 ], [ -72.074140566569952, 51.150687671662467 ], [ -72.018682532877847, 51.13872283565621 ], [ -72.02570714229131, 51.155735427141281 ], [ -72.021558467506225, 51.170006347783328 ], [ -72.029416936760072, 51.176252176758396 ], [ -72.001800455501268, 51.174532312923247 ], [ -71.997298649277297, 51.193534576198147 ], [ -72.013072301179363, 51.197143743662934 ], [ -72.005032425942773, 51.214152197375199 ], [ -72.012993551621378, 51.220198781014176 ], [ -72.001433035670459, 51.223281039820392 ], [ -71.97786617960486, 51.211628790892689 ], [ -71.991243461538943, 51.230642722087737 ], [ -71.980842257085499, 51.233019800231489 ], [ -71.980820529193579, 51.244231416077696 ], [ -71.958278238532444, 51.24317253816821 ], [ -71.931866547968752, 51.275410434941307 ], [ -71.903702820626393, 51.278022504463024 ], [ -71.88490766145344, 51.271018976490893 ], [ -71.870120311300184, 51.277878975881833 ], [ -71.871047539865856, 51.294546797683552 ], [ -71.882372706998922, 51.302032014961014 ], [ -71.864351828359361, 51.32475364527869 ], [ -71.874676051324627, 51.33380214483384 ], [ -71.868619034664221, 51.343983305762549 ], [ -71.83621386290929, 51.353102013290822 ], [ -71.834035400223115, 51.367038768397094 ], [ -71.821280149824474, 51.373384685080055 ], [ -71.815246669636565, 51.358053471347546 ], [ -71.80376067848772, 51.352053997382086 ], [ -71.774639920852451, 51.369181899617843 ], [ -71.761222822545164, 51.358221558364562 ], [ -71.768706807487604, 51.339872546548122 ], [ -71.756300369151006, 51.339186720477869 ], [ -71.737487027139139, 51.358136046358766 ], [ -71.724281353809488, 51.35886759376308 ], [ -71.700148128808735, 51.396217733499839 ], [ -71.68793189713989, 51.401459025141094 ], [ -71.685928501703245, 51.414514349906369 ], [ -71.711954821545987, 51.42815100265841 ], [ -71.706026800931681, 51.43981793275583 ], [ -71.686086662123898, 51.44335072013115 ], [ -71.660009041691183, 51.477098401229 ], [ -71.645223203311275, 51.47625246526934 ], [ -71.626305559708442, 51.504917142896375 ], [ -71.595326643636326, 51.502804780374504 ], [ -71.580147511277744, 51.509344178707067 ], [ -71.571256359186975, 51.523876711664855 ], [ -71.573459307786436, 51.542578070255104 ], [ -71.590801096209475, 51.547397932881097 ], [ -71.576518044758416, 51.588369730897284 ], [ -71.597670690265772, 51.592453068848442 ], [ -71.601579486881462, 51.61701535002527 ], [ -71.591237889150079, 51.63428954368419 ], [ -71.596972730180539, 51.658653091492056 ], [ -71.608331212158532, 51.665381274069318 ], [ -71.596978498146825, 51.68039470934599 ], [ -71.601820379146261, 51.692701598995768 ], [ -71.610667446443699, 51.692744197442323 ], [ -71.577804876228754, 51.740375507982378 ], [ -71.583425976140859, 51.759097072803797 ], [ -71.572840617864358, 51.778232933787024 ], [ -71.551637211738296, 51.789169887684977 ], [ -71.574501962045815, 51.793477546427198 ], [ -71.574183594959493, 51.814196502991308 ], [ -71.543607002689726, 51.8211413564797 ], [ -71.531539268847496, 51.835453294575814 ], [ -71.502092857951425, 51.827650005682358 ], [ -71.484570739665799, 51.839416138040917 ], [ -71.45945080182895, 51.832691301644957 ], [ -71.43408030071646, 51.842796602727446 ], [ -71.406041930366257, 51.836491625093061 ], [ -71.396068101356718, 51.844451433305949 ], [ -71.385252184736714, 51.842201289055481 ], [ -71.351090957589008, 51.909572778780614 ], [ -71.330932226095285, 51.917282494374206 ], [ -71.317340525911618, 51.933272204726961 ], [ -71.306620968385971, 51.971610647225702 ], [ -71.272038827688334, 51.992678824746804 ], [ -71.251590820646527, 52.017835883544933 ], [ -71.228847308731588, 52.01818994268001 ], [ -71.206599369705771, 52.039486030044316 ], [ -71.265350359871945, 52.037768716693563 ], [ -71.250263046222415, 52.066007520793278 ], [ -71.200971818622236, 52.09131548455224 ], [ -71.189853062461225, 52.114876257095148 ], [ -71.165669497888189, 52.118037036921123 ], [ -71.147293027630894, 52.143249517974425 ], [ -71.158098489742883, 52.150379594376091 ], [ -71.138950235267714, 52.167543186697173 ], [ -71.092898846934361, 52.180516853902589 ], [ -71.095324661083453, 52.192755709933977 ], [ -71.077536271557449, 52.2112058164617 ], [ -71.046994552568776, 52.208559779718939 ], [ -71.015166534685989, 52.220467318129693 ], [ -70.990233280395728, 52.21929296894308 ], [ -70.942726765619909, 52.24071812095616 ], [ -70.933832675049302, 52.239983416721259 ], [ -70.944527180761042, 52.230611224738425 ], [ -70.929532312266872, 52.226715597023826 ], [ -70.881018687776191, 52.278978001270389 ], [ -70.854262395175283, 52.267437500136452 ], [ -70.834452677951788, 52.275706599484636 ], [ -70.806851262208056, 52.273575336714828 ], [ -70.805410235025477, 52.258544063014426 ], [ -70.825558391191805, 52.247701291228793 ], [ -70.792275564174645, 52.233678726260223 ], [ -70.783571081081561, 52.246073474067714 ], [ -70.772306057961885, 52.242332557343957 ], [ -70.728424537400315, 52.257794682572637 ], [ -70.698784061214667, 52.280960470644118 ], [ -70.635397629870738, 52.286336140759943 ], [ -70.559851046036215, 52.317121283427525 ], [ -70.546134432719214, 52.316450640062328 ], [ -70.538340002978885, 52.300750441990203 ], [ -70.494389325751399, 52.314545141950305 ], [ -70.482013678038641, 52.303945326492055 ], [ -70.412716795377492, 52.332740400931755 ], [ -70.324543585258141, 52.341135008897538 ], [ -70.28622455620075, 52.358153001691676 ], [ -70.278686694660564, 52.353070389692675 ], [ -70.261154770634619, 52.37419994581893 ], [ -70.267836007864446, 52.386249721066577 ], [ -70.251503411439558, 52.402525104336689 ], [ -70.232315409270086, 52.407836000784982 ], [ -70.231401904774316, 52.417487173316147 ], [ -70.269092650688663, 52.412176114407259 ], [ -70.273090131775348, 52.421713189448212 ], [ -70.284854046056807, 52.415260046851245 ], [ -70.289708183364212, 52.41897192226736 ], [ -70.261326106248191, 52.439930112434126 ], [ -70.258984525415485, 52.454092758461115 ], [ -70.223692342262268, 52.46288718150123 ], [ -70.21895254039049, 52.485159037056405 ], [ -70.182575178297213, 52.520108574285132 ], [ -70.1847455504099, 52.52827488978204 ], [ -70.172981365334749, 52.542780077009525 ], [ -70.204218808480562, 52.539068240678773 ], [ -70.207074241102134, 52.554601238376449 ], [ -70.229802700062635, 52.549004809625842 ], [ -70.23414293037024, 52.559569401716374 ], [ -70.242708985221611, 52.559855241160051 ], [ -70.224263342879794, 52.579328460148474 ], [ -70.201192224990336, 52.583725809490204 ], [ -70.201706161151719, 52.593376809608401 ], [ -70.190684553457459, 52.601828695521476 ], [ -70.178806020498257, 52.595033055774024 ], [ -70.169669053109715, 52.603941585881046 ], [ -70.178920361275743, 52.621930503004251 ], [ -70.200963696718588, 52.628326520047153 ], [ -70.213241961426831, 52.623529390680915 ], [ -70.229060412544413, 52.635864638324847 ], [ -70.224206226677552, 52.656708627869875 ], [ -70.206617422438001, 52.662762019543891 ], [ -70.199079074327358, 52.64728612600743 ], [ -70.180804913611325, 52.662876248979046 ], [ -70.19730892290977, 52.673840780506907 ], [ -70.201763280624618, 52.703422214857142 ], [ -70.224320553385326, 52.702851455791858 ], [ -70.220665563779335, 52.710960459256853 ], [ -70.189371146193309, 52.727407286824416 ], [ -70.174066271931906, 52.718727025706357 ], [ -70.152022928768758, 52.739799501256471 ], [ -70.123012782802505, 52.751791827643501 ], [ -70.158019118544473, 52.754875791086704 ], [ -70.155963184281404, 52.779203358842381 ], [ -70.113532930772919, 52.802331717018205 ], [ -70.127352769308857, 52.810498021600267 ], [ -70.100112696055817, 52.818550116448421 ], [ -70.091546653613307, 52.828600840270838 ], [ -70.060423339658655, 52.823061472699806 ], [ -70.031574994458879, 52.832087798858311 ] ] ] } },
{ "type": "Feature", "properties": { "code": "03", "nom": "Capitale-Nationale", "slug": "capitale-nationale" }, "geometry": { "type": "Polygon", "coordinates": [ [ [ -69.871083029109073, 48.186175247729075 ], [ -69.860874494292446, 48.166645356198401 ], [ -69.839762634881112, 48.1523674699324 ], [ -69.676673403484415, 48.119504518501138 ], [ -69.548368976506907, 48.049451300814894 ], [ -69.655897033389493, 47.994559858555398 ], [ -69.719843644788085, 47.945531942115544 ], [ -69.819879173023779, 47.828781683319427 ], [ -69.910550124179863, 47.679365354230484 ], [ -69.958248212611338, 47.636864754285412 ], [ -70.069781234166129, 47.564698054509471 ], [ -70.149479935901496, 47.452950685689743 ], [ -70.288375959697476, 47.334062356484601 ], [ -70.393966445573312, 47.290504676732873 ], [ -70.454942098085155, 47.253504714495421 ], [ -70.524363381563091, 47.164836884263302 ], [ -70.598005894933863, 47.107559478579994 ], [ -70.674537861486286, 47.065671178031245 ], [ -70.706179027597997, 47.000893335761958 ], [ -70.8342687083816, 46.924532721197657 ], [ -70.940856047780301, 46.883671495447999 ], [ -71.000192004760464, 46.847477954082706 ], [ -71.180695638715022, 46.836638509308052 ], [ -71.194564819335938, 46.830181121826172 ], [ -71.187644958496094, 46.825103759765625 ], [ -71.200950622558594, 46.798896789550781 ], [ -71.232841491699219, 46.771255493164062 ], [ -71.273033142089844, 46.749671936035156 ], [ -71.328872680664062, 46.739894866943359 ], [ -71.35968017578125, 46.725868225097656 ], [ -71.4884033203125, 46.707675933837891 ], [ -71.69083230996381, 46.649841968375888 ], [ -71.774696412130567, 46.64823138686485 ], [ -71.836531792208831, 46.676509191820593 ], [ -71.872033310151281, 46.677398226136731 ], [ -71.922424729755008, 46.636259831537245 ], [ -71.975677201616392, 46.614871510974012 ], [ -72.024151735231627, 46.577093809995148 ], [ -72.059097514059019, 46.570065855966831 ], [ -72.08372622374479, 46.570206132724593 ], [ -72.392286642228683, 46.791259327525864 ], [ -72.343973031311975, 46.821637001171588 ], [ -72.334200801017516, 46.814435319282033 ], [ -72.272446974330947, 46.844933555100837 ], [ -72.248497478659672, 46.828395088111094 ], [ -72.228682640367978, 46.835171444752845 ], [ -72.167650188503302, 46.874269565356855 ], [ -72.438053799469785, 47.057589430483574 ], [ -72.378900634717425, 47.096492510664717 ], [ -72.394910830563319, 47.117781256456809 ], [ -72.419991240433475, 47.11602899370164 ], [ -72.459996852329922, 47.143069228716762 ], [ -72.514693990252383, 47.143985587278543 ], [ -72.544151584901812, 47.191803178474231 ], [ -72.541926300409401, 47.220052201870544 ], [ -72.513672140313503, 47.269382189622348 ], [ -72.506681085875826, 47.313369125609299 ], [ -72.473922222143941, 47.333070674667425 ], [ -72.488600446852516, 47.369409430409689 ], [ -72.462260993661459, 47.387327081316755 ], [ -72.462559474954389, 47.371406426896087 ], [ -72.415091505779955, 47.346849575913723 ], [ -72.413718338865465, 47.292587985722079 ], [ -72.358444072274921, 47.291239698830346 ], [ -72.344035029937842, 47.279625028425968 ], [ -72.320604653871669, 47.302999953471215 ], [ -72.287185873096718, 47.291694878241572 ], [ -72.238622293832407, 47.290993298515822 ], [ -72.207944022471978, 47.32529738334695 ], [ -72.201696271228499, 47.360077406585113 ], [ -72.184486563678377, 47.365931834445561 ], [ -72.141320204684689, 47.410545775370529 ], [ -72.173863182020241, 47.439086169303977 ], [ -72.171300354236791, 47.461845836943219 ], [ -72.160972936130108, 47.463784756568401 ], [ -72.163294553372552, 47.469498916996066 ], [ -72.200823197549568, 47.485212447349475 ], [ -72.195803675926172, 47.500733661378696 ], [ -72.205537727344549, 47.500891106919113 ], [ -72.239418814754771, 47.535906790884056 ], [ -71.890550251962225, 47.770184238396148 ], [ -72.073470361444137, 47.949990027371179 ], [ -71.379994127616641, 47.950043329976467 ], [ -71.375774341058758, 47.974001833454771 ], [ -71.409182659784832, 47.976732954582765 ], [ -71.411781828118592, 47.995771964326423 ], [ -71.277741934914033, 47.999357169085044 ], [ -70.263649376844356, 47.992928208601803 ], [ -70.171875257833676, 48.124825941748675 ], [ -69.956151179463689, 48.056790719397796 ], [ -69.871083029109073, 48.186175247729075 ] ] ] } },
{ "type": "Feature", "properties": { "code": "04", "nom": "Mauricie", "slug": "mauricie" }, "geometry": { "type": "Polygon", "coordinates": [ [ [ -74.587583971785421, 48.994130461657448 ], [ -74.554259976518949, 49.000328406859353 ], [ -74.554338059010888, 48.98755931843948 ], [ -74.532635888312768, 48.976721035874334 ], [ -74.539477727895303, 48.963718418877363 ], [ -74.519240060537015, 48.9527834542547 ], [ -74.523172185272472, 48.946138638804655 ], [ -74.504776202898711, 48.926038669015099 ], [ -74.47334948084324, 48.946674928067807 ], [ -73.834388764776691, 48.543036340945889 ], [ -73.017742358867793, 47.998582571312284 ], [ -72.123637484830169, 47.998568371454098 ], [ -71.996161193793, 47.875044271751676 ], [ -71.890550251962168, 47.770184238396268 ], [ -72.239418814754742, 47.535906790884155 ], [ -72.205537727344449, 47.500891106919141 ], [ -72.195803675926186, 47.500733661378831 ], [ -72.200823197549539, 47.485212447349397 ], [ -72.162934941744595, 47.469016071284216 ], [ -72.160972936130008, 47.463784756568373 ], [ -72.171300354236735, 47.461845836943212 ], [ -72.173863182020227, 47.439086169304119 ], [ -72.142592719412846, 47.414956112950563 ], [ -72.145957745602288, 47.399260757906802 ], [ -72.18448656367832, 47.365931834445519 ], [ -72.201369774485045, 47.360477523676082 ], [ -72.207944022471963, 47.325297383347049 ], [ -72.238622293832407, 47.290993298515843 ], [ -72.287185873096746, 47.291694878241685 ], [ -72.320604653871612, 47.302999953471215 ], [ -72.344035029937857, 47.279625028426096 ], [ -72.358444072274835, 47.291239698830395 ], [ -72.413718338865408, 47.292587985722093 ], [ -72.415091505779969, 47.346849575913836 ], [ -72.462559474954332, 47.371406426896215 ], [ -72.462260993661403, 47.387327081316755 ], [ -72.488600446852445, 47.369409430409803 ], [ -72.473922222143869, 47.33307067466734 ], [ -72.506681085875755, 47.313369125609427 ], [ -72.513672140313417, 47.269382189622263 ], [ -72.54192630040933, 47.220052201870544 ], [ -72.54415158490167, 47.191803178474345 ], [ -72.514693990252397, 47.143985587278564 ], [ -72.459996852329937, 47.143069228716683 ], [ -72.419991240433376, 47.116028993701718 ], [ -72.394910830563276, 47.117781256456851 ], [ -72.378900634717411, 47.096492510664689 ], [ -72.438053799469742, 47.057589430483574 ], [ -72.16765018850333, 46.874269565356826 ], [ -72.228682640367992, 46.835171444752973 ], [ -72.248497478659658, 46.828395088111108 ], [ -72.272446974330933, 46.844933555100795 ], [ -72.334200801017516, 46.81443531928204 ], [ -72.343973031311975, 46.821637001171666 ], [ -72.392286642228669, 46.79125932752595 ], [ -72.083726223744804, 46.570206132724707 ], [ -72.133850405592227, 46.565621283867472 ], [ -72.204797893302839, 46.527510263511374 ], [ -72.225382158643185, 46.505426944080853 ], [ -72.244479290675883, 46.45211740111796 ], [ -72.261829313343469, 46.436538263421426 ], [ -72.378722133798817, 46.410149220301491 ], [ -72.457086281724571, 46.382621389776034 ], [ -72.58467548374125, 46.292178031368621 ], [ -72.759683348575436, 46.21904053140122 ], [ -72.898132566908885, 46.175207320622519 ], [ -72.936245104417424, 46.151235235600211 ], [ -72.977635027595852, 46.16790251953654 ], [ -73.037318287274275, 46.156409601257394 ], [ -73.216420652744148, 46.279330366742442 ], [ -73.19573515366443, 46.294388611873046 ], [ -73.228143368832377, 46.317049994742831 ], [ -73.213411487884514, 46.325109468283301 ], [ -73.176102897522526, 46.32353434333919 ], [ -73.203652921967944, 46.342051906469919 ], [ -73.192069237973953, 46.350254908114437 ], [ -73.203930026086766, 46.359062712734101 ], [ -73.187804618256337, 46.370373592674184 ], [ -73.180933010658919, 46.366113228315101 ], [ -73.167315493781246, 46.382987903590504 ], [ -73.333113505265374, 46.498714502688131 ], [ -73.283001053514226, 46.53330932828203 ], [ -73.306951896945691, 46.55515389840366 ], [ -73.312229722776124, 46.573681782616461 ], [ -73.336508481854935, 46.601265205718903 ], [ -73.361842851713618, 46.616237417174943 ], [ -73.402205737218821, 46.598820521820755 ], [ -73.446013242487027, 46.596265189233577 ], [ -73.441984588885646, 46.668654358882065 ], [ -73.466958373100226, 46.709488593629715 ], [ -73.447680416929529, 46.7663784593895 ], [ -73.456929470387649, 46.786322333021872 ], [ -73.436343058992975, 46.829238274154079 ], [ -73.441509695158572, 46.843682827409793 ], [ -73.42123763372939, 46.890298275010821 ], [ -73.45989654305356, 46.908607665950171 ], [ -73.49507697379812, 46.912357005462638 ], [ -73.498569354917606, 46.900536080159668 ], [ -73.514253041568679, 46.897107640598279 ], [ -73.528484331217385, 46.880812794703274 ], [ -73.525943271745575, 46.862496999725522 ], [ -73.546684223965883, 46.867915175247447 ], [ -73.563991180012408, 46.883434354915551 ], [ -73.573040066173064, 46.870366371320756 ], [ -73.602165666594999, 46.872485194610022 ], [ -73.608524787420549, 46.857842398498747 ], [ -73.627888605895805, 46.866062998544066 ], [ -73.665448426695036, 46.863900749818242 ], [ -73.674460067106622, 46.876284233132196 ], [ -73.662737463119754, 46.882616870068091 ], [ -73.668100457976493, 46.889923068732514 ], [ -73.658879560623234, 46.891375635325744 ], [ -73.664204996086426, 46.928430971119838 ], [ -73.645920851197729, 46.937399458623759 ], [ -73.754865672153585, 47.066662182732273 ], [ -73.853251795427241, 47.151077998047469 ], [ -73.910646386832013, 47.09902460725931 ], [ -74.028582868668707, 47.177838743610948 ], [ -74.005583563329992, 47.315877126278053 ], [ -73.993062050638059, 47.332905998916658 ], [ -73.999134357038145, 47.346121173672543 ], [ -73.958269057001473, 47.379593240626605 ], [ -73.963204487846099, 47.383621372389143 ], [ -73.957413887561074, 47.3881616032441 ], [ -74.51151056023258, 47.762913195271665 ], [ -75.521083106519143, 47.762786656363801 ], [ -75.52055211048048, 49.000069860322469 ], [ -74.676276139983031, 49.000100624293736 ], [ -74.607944695645187, 48.962217750269133 ], [ -74.592170177219657, 48.968798345543178 ], [ -74.587583971785421, 48.994130461657448 ] ] ] } },
{ "type": "Feature", "properties": { "code": "05", "nom": "Estrie", "slug": "estrie" }, "geometry": { "type": "Polygon", "coordinates": [ [ [ -71.129837311927929, 45.957380019761274 ], [ -71.070620746598024, 45.928270015119146 ], [ -71.093744747919061, 45.907011476730467 ], [ -71.018296510569428, 45.869807047260515 ], [ -71.029303920670372, 45.859316841510008 ], [ -70.99022937936644, 45.839914899259732 ], [ -70.979026291831246, 45.850720248377563 ], [ -70.947800033525596, 45.835419694715313 ], [ -70.936872797190176, 45.845948049701875 ], [ -70.915130429121291, 45.836023441681114 ], [ -70.914842469870962, 45.841567014269856 ], [ -70.898397902891986, 45.841706697455948 ], [ -70.895630505045631, 45.779990382406311 ], [ -70.66311178751539, 45.783548976407708 ], [ -70.653723716657794, 45.802720439996619 ], [ -70.631904692740818, 45.778725815392029 ], [ -70.499741688250595, 45.826840330178982 ], [ -70.470634930023266, 45.789190853131679 ], [ -70.421826746964371, 45.806724712027858 ], [ -70.405741666999859, 45.776880556000144 ], [ -70.407027777999929, 45.762527778000099 ], [ -70.3884249999997, 45.750205556000019 ], [ -70.393894443999784, 45.740088889000049 ], [ -70.383836111000051, 45.734552778000037 ], [ -70.400344443999757, 45.719716667000057 ], [ -70.439161110999976, 45.703875 ], [ -70.465469443999837, 45.706530556000132 ], [ -70.526391666999814, 45.666355556000148 ], [ -70.558588888999964, 45.666475000000112 ], [ -70.590872221999746, 45.630458332999986 ], [ -70.619147221999924, 45.612022222 ], [ -70.644572221999965, 45.606986111000154 ], [ -70.678094443999896, 45.5705 ], [ -70.687691667000024, 45.569422222000128 ], [ -70.689194443999781, 45.562183333000071 ], [ -70.677097221999929, 45.552211111000069 ], [ -70.722572221999769, 45.513672221999961 ], [ -70.71159444400007, 45.501808333000099 ], [ -70.716394444, 45.486466667000045 ], [ -70.691722221999953, 45.474266667000173 ], [ -70.681113888999903, 45.4521833330001 ], [ -70.650733332999835, 45.4449444440001 ], [ -70.627866667000035, 45.4226 ], [ -70.63505, 45.411069443999956 ], [ -70.621269443999779, 45.402736110999967 ], [ -70.636322222, 45.395233333000036 ], [ -70.634888888999797, 45.383416667 ], [ -70.658769443999859, 45.377672222000164 ], [ -70.678172222000057, 45.394275 ], [ -70.723847221999733, 45.395569444000046 ], [ -70.754577778000055, 45.428311111000085 ], [ -70.798094443999901, 45.426516667000101 ], [ -70.825736110999912, 45.400263889000101 ], [ -70.802533332999985, 45.365677778000027 ], [ -70.819899999999848, 45.340194444000083 ], [ -70.806091666999805, 45.321580556000022 ], [ -70.811538889000019, 45.303766667000041 ], [ -70.835463888999925, 45.293963889000047 ], [ -70.831894444, 45.27891111100012 ], [ -70.848941666999963, 45.263091667000083 ], [ -70.848630555999989, 45.245180556000037 ], [ -70.838066666999794, 45.234619444000131 ], [ -70.858191666999971, 45.229152778000078 ], [ -70.89505, 45.240325000000112 ], [ -70.898511110999948, 45.25832777800013 ], [ -70.921333332999723, 45.279225000000118 ], [ -70.912005556000054, 45.296311111000058 ], [ -70.917836110999986, 45.311722222000057 ], [ -70.938894444000027, 45.319980555999962 ], [ -70.952377777999914, 45.339116667000162 ], [ -70.984975, 45.331908333000065 ], [ -71.010372222, 45.347663888999975 ], [ -71.01211666699993, 45.333869444000022 ], [ -71.001872221999974, 45.328427778000098 ], [ -71.008522222000011, 45.319241667000036 ], [ -71.0982, 45.301672222000036 ], [ -71.130927777999773, 45.246550000000177 ], [ -71.147561110999789, 45.239436111000153 ], [ -71.162330555999972, 45.250347222000123 ], [ -71.1801, 45.239936111000127 ], [ -71.196427777999986, 45.254052778000137 ], [ -71.230613888999812, 45.249416667000112 ], [ -71.245616666999979, 45.268800000000105 ], [ -71.259391666999932, 45.272033333000024 ], [ -71.264947221999705, 45.293791667000171 ], [ -71.280516666999972, 45.294588889000067 ], [ -71.284225, 45.302358333000022 ], [ -71.296233332999975, 45.299144444000156 ], [ -71.336411110999961, 45.272741667000048 ], [ -71.360277778000011, 45.27033055600009 ], [ -71.356538888999921, 45.253897222000042 ], [ -71.384136110999805, 45.233508333000131 ], [ -71.402144443999646, 45.24259722200015 ], [ -71.42105, 45.232202778000051 ], [ -71.442816666999761, 45.238291666999942 ], [ -71.403138888999933, 45.215305556000153 ], [ -71.397361111, 45.203527778000129 ], [ -71.437611110999967, 45.141888889000136 ], [ -71.428388888999962, 45.123694444000101 ], [ -71.448777778000021, 45.112555556000018 ], [ -71.46788888899971, 45.083638889000099 ], [ -71.49805555599994, 45.070194443999974 ], [ -71.497194443999831, 45.055805556000116 ], [ -71.506611110999927, 45.047555555999956 ], [ -71.490916666999794, 45.042638889000067 ], [ -71.501027777999923, 45.013444444000065 ], [ -72.311947221999958, 45.003786111000011 ], [ -72.702933332999805, 45.015619444000087 ], [ -73.139880246503253, 45.014405841747248 ], [ -73.104482000363078, 45.082081638109919 ], [ -73.115206009134113, 45.081851630582221 ], [ -73.115834526571064, 45.097124203752287 ], [ -73.107575346255771, 45.09715029756773 ], [ -73.106978020401925, 45.104508220557932 ], [ -73.097156837299963, 45.10158103132148 ], [ -73.101242894941606, 45.140069078135085 ], [ -73.085881521246847, 45.140104400902551 ], [ -73.090908985666829, 45.196276036854279 ], [ -73.05826651776249, 45.214592301105483 ], [ -73.073990812826366, 45.228845244251431 ], [ -73.068104937915564, 45.229605339330355 ], [ -73.06352715855553, 45.267823461732981 ], [ -73.058928690063397, 45.265099817665202 ], [ -73.058200496338316, 45.273337386434321 ], [ -73.050505536932917, 45.268124052770368 ], [ -73.046187822231161, 45.293374754876147 ], [ -73.015647320047322, 45.272015168505042 ], [ -73.013981410302506, 45.289074785386326 ], [ -73.047811775570892, 45.311285621904062 ], [ -73.048865244024057, 45.325313034911233 ], [ -73.010339075903175, 45.330158312015371 ], [ -73.009656145382678, 45.337525137898425 ], [ -72.989280744695293, 45.334549784611447 ], [ -72.989914584957432, 45.341840389975118 ], [ -72.883017922444765, 45.265551315161119 ], [ -72.823767910516381, 45.431214552307722 ], [ -72.799659204344266, 45.537953098985454 ], [ -72.772803025375481, 45.538354100367428 ], [ -72.773169096744596, 45.524827672165941 ], [ -72.690627910607702, 45.523755403288853 ], [ -72.690839844514755, 45.531285961622018 ], [ -72.675417548207463, 45.530923715668102 ], [ -72.67618577109215, 45.538812033499184 ], [ -72.605062395208506, 45.537584060136389 ], [ -72.606122890294955, 45.525895969302894 ], [ -72.58351739685105, 45.525463343542583 ], [ -72.585646830620192, 45.498323132842252 ], [ -72.449007364709189, 45.493674072697047 ], [ -72.454527938384217, 45.451467867941922 ], [ -72.40400767151641, 45.449185543208444 ], [ -72.402819331469971, 45.528567977640471 ], [ -72.378590632351859, 45.52940605946435 ], [ -72.378131210117203, 45.56644929495473 ], [ -72.360769001483845, 45.567209791065132 ], [ -72.359417765245382, 45.589412207079071 ], [ -72.343436414712471, 45.59905976692432 ], [ -72.315567455197254, 45.599233276154067 ], [ -72.297584203039435, 45.589444981869569 ], [ -72.237094578727749, 45.646273306191645 ], [ -72.310758123705796, 45.68854175744525 ], [ -72.227078742366757, 45.756055907991822 ], [ -72.221966117444765, 45.747935016001342 ], [ -72.235945910162513, 45.738260132133234 ], [ -72.215314065999337, 45.732320755183146 ], [ -72.212717637267474, 45.725069898797258 ], [ -72.223936824346481, 45.716405133482219 ], [ -72.206338832096321, 45.6963873943658 ], [ -72.029645142839342, 45.853414997200041 ], [ -71.921279459290645, 45.796338605498931 ], [ -71.904668638314547, 45.804820869238476 ], [ -71.86144263790942, 45.798568044333706 ], [ -71.769950572588982, 45.885288029796747 ], [ -71.635525817373377, 45.81393401975663 ], [ -71.617303269559159, 45.830496558387892 ], [ -71.54155584754659, 45.787805202357674 ], [ -71.522464003797552, 45.804399017759977 ], [ -71.497968790381321, 45.791885597730705 ], [ -71.461408031149517, 45.816616672854366 ], [ -71.392580050160063, 45.768891026849182 ], [ -71.361026733611141, 45.786086715163705 ], [ -71.340525513123509, 45.80964215762355 ], [ -71.337719402656546, 45.837808891179584 ], [ -71.35210366107134, 45.860033269234115 ], [ -71.348384233569448, 45.872296539066603 ], [ -71.273322191221837, 45.829554961500477 ], [ -71.261082215955582, 45.840358537957918 ], [ -71.245678366288871, 45.831456060495327 ], [ -71.228860783333914, 45.845691311007386 ], [ -71.178071093148617, 45.815105113233074 ], [ -71.134910551943847, 45.860022713199101 ], [ -71.153684370907911, 45.883113618529364 ], [ -71.153461810438216, 45.910947051928822 ], [ -71.16328520243718, 45.924400550521682 ], [ -71.129837311927929, 45.957380019761274 ] ] ] } },
{ "type": "Feature", "properties": { "code": "06", "nom": "Montréal", "slug": "montreal" }, "geometry": { "type": "Polygon", "coordinates": [ [ [ -73.474494934081875, 45.703765869140703 ], [ -73.48642730712892, 45.678012847900398 ], [ -73.476913790189514, 45.643632758007236 ], [ -73.498519897460966, 45.612445831298828 ], [ -73.501647949218764, 45.574722290039084 ], [ -73.531448364257699, 45.536468505859389 ], [ -73.519233703613267, 45.495193481445291 ], [ -73.529731750488153, 45.49169921875005 ], [ -73.522254943847443, 45.45062637329103 ], [ -73.54586029052733, 45.424293518066399 ], [ -73.636253356933594, 45.409652709960959 ], [ -73.671813964843736, 45.422569274902322 ], [ -73.767951965332045, 45.418682098388665 ], [ -73.79628753662108, 45.407737731933665 ], [ -73.822181701660142, 45.385402679443395 ], [ -73.883789062500028, 45.409488677978572 ], [ -73.93350982666, 45.398773193359411 ], [ -73.982658386230469, 45.41779327392581 ], [ -73.996604919433409, 45.457489013671896 ], [ -73.970909118652386, 45.468681335449212 ], [ -73.910484313964844, 45.520969390869197 ], [ -73.896141052246108, 45.525547027587947 ], [ -73.852539062499801, 45.511440277099652 ], [ -73.843498229980426, 45.518653869628928 ], [ -73.763709100065824, 45.511896907168662 ], [ -73.677153295404693, 45.554933744386211 ], [ -73.634247255900277, 45.623761854195315 ], [ -73.611117492312061, 45.644051629141231 ], [ -73.540412902832031, 45.677711486816406 ], [ -73.519104003906307, 45.699958801269602 ], [ -73.474494934081875, 45.703765869140703 ] ] ] } },
{ "type": "Feature", "properties": { "code": "07", "nom": "Outaouais", "slug": "outaouais" }, "geometry": { "type": "Polygon", "coordinates": [ [ [ -75.725396053082648, 47.847533296121981 ], [ -75.520642708037542, 47.847737860901191 ], [ -75.521080466639546, 47.763318417396135 ], [ -75.538612237085431, 47.763261803061937 ], [ -75.542530881694745, 47.756564514522211 ], [ -75.5309482396151, 47.74607501180509 ], [ -75.524603948137212, 47.710975068330015 ], [ -75.486472354436614, 47.690369389298326 ], [ -75.473383250043298, 47.672574005517561 ], [ -75.456052737390337, 47.672566129410313 ], [ -75.446512533071257, 47.663614563232443 ], [ -75.419348425753412, 47.630090678336956 ], [ -75.42893904485436, 47.616152036974427 ], [ -75.414193476377704, 47.588627968460628 ], [ -75.391254822385235, 47.588607902126967 ], [ -75.395524128893555, 47.601375018826104 ], [ -75.369599153139234, 47.62714238751056 ], [ -75.35409668026557, 47.610023797776705 ], [ -75.365603892056583, 47.594177959280273 ], [ -75.360287100973494, 47.570213304587583 ], [ -75.344752012028948, 47.571953815623488 ], [ -75.319308311284487, 47.553562601229999 ], [ -75.310232299208906, 47.555336506066851 ], [ -75.30802621234352, 47.547467840125307 ], [ -75.377607492968991, 47.471219097540541 ], [ -75.389037201541328, 47.42820295016935 ], [ -75.46043710114742, 47.367888536956343 ], [ -75.473854982690341, 47.33891787550499 ], [ -75.45736583971302, 47.317516253651434 ], [ -75.473452544723671, 47.282386265891262 ], [ -75.520810485172319, 47.252633329903063 ], [ -75.558985401178631, 47.207602805862621 ], [ -75.572593141970913, 47.20672341749588 ], [ -75.594826746293791, 47.185435728854145 ], [ -75.626351230731359, 47.180813045083653 ], [ -75.628806321476873, 47.199236919718771 ], [ -75.620450135499425, 47.200117633329285 ], [ -75.629013241447296, 47.218849364949847 ], [ -75.622273198157131, 47.22842342480709 ], [ -75.646550093957728, 47.253246220415235 ], [ -75.647847020867914, 47.281750957099177 ], [ -75.678597128100819, 47.285563277485153 ], [ -75.690569960026892, 47.277646626500768 ], [ -75.714385937073985, 47.285674517332893 ], [ -75.713091635990168, 47.268961265217627 ], [ -75.747833508631061, 47.272918796374825 ], [ -75.746886938847581, 47.293053903016016 ], [ -75.799050591664638, 47.318869470258676 ], [ -75.8249794234614, 47.313600764631872 ], [ -75.877736638892713, 47.285374204242942 ], [ -75.976500824022764, 47.203255856372493 ], [ -76.027239663316948, 47.18857665928175 ], [ -76.029495682785523, 47.195263606847334 ], [ -76.055091004993585, 47.198617832312209 ], [ -76.100794059220334, 47.183824774070388 ], [ -76.099911668658194, 47.150524580853244 ], [ -76.091275468878621, 47.130811693962585 ], [ -76.10331890828661, 47.030449312054145 ], [ -76.148757879100572, 47.006796222798016 ], [ -76.12972214604514, 46.985689557239766 ], [ -76.139646947612221, 46.975720519026027 ], [ -76.133570562673015, 46.969924826672241 ], [ -76.137733851895291, 46.937355641221586 ], [ -76.127978606352258, 46.920411883972236 ], [ -76.051578760827226, 46.90248107011314 ], [ -76.036232653296906, 46.889323014520812 ], [ -76.01598767093634, 46.897011972157316 ], [ -76.019726614093713, 46.886139820762992 ], [ -75.995247389530618, 46.887975538330636 ], [ -75.971081487712752, 46.878391290764739 ], [ -75.912011670378718, 46.842331076723838 ], [ -75.89000512987559, 46.815501566937542 ], [ -75.858776317307047, 46.814162151283597 ], [ -75.825867883965259, 46.825451994775165 ], [ -75.810960903639113, 46.844890195431901 ], [ -75.747548957834056, 46.844825119299344 ], [ -75.745213993524771, 46.438256989145657 ], [ -75.705591808628981, 46.438816345825046 ], [ -75.706619229425144, 46.308717231890853 ], [ -75.81423379589063, 46.306121790630016 ], [ -75.788354732113987, 46.293465454389263 ], [ -75.783033236183428, 46.282010327724606 ], [ -75.813144850910135, 46.224916675325744 ], [ -75.802477522581739, 46.216827645653325 ], [ -75.810299610097047, 46.195382607201111 ], [ -75.799013492473819, 46.174121621875031 ], [ -75.768344592545361, 46.173835417191469 ], [ -75.763491126469773, 46.022734334440429 ], [ -75.699221779689822, 46.022951984140491 ], [ -75.745333407388216, 46.007654859539343 ], [ -75.740247763367279, 46.005632680826636 ], [ -75.776026824698022, 45.985836112925767 ], [ -75.782749696832752, 45.969988562792821 ], [ -75.774871969870787, 45.967518462446662 ], [ -75.784668211396308, 45.959225984069121 ], [ -75.777255954603902, 45.952886989089507 ], [ -75.766424773505264, 45.95651467563448 ], [ -75.745753548462858, 45.973000349313054 ], [ -75.665546548862267, 45.9703962076332 ], [ -75.662478755619475, 45.982460032985898 ], [ -75.620436645577342, 45.982396208018713 ], [ -75.620374800002821, 45.994416565815129 ], [ -75.599874822487209, 45.994400989137773 ], [ -75.60002344677946, 45.971388183108445 ], [ -75.408285939009431, 45.973177445115084 ], [ -75.408302789796608, 46.097616742950095 ], [ -75.176360549950573, 46.103409053083169 ], [ -75.176978458804456, 46.132304545135753 ], [ -75.155931678717081, 46.132295695438813 ], [ -75.156307804844289, 46.160603759178457 ], [ -75.137278588304923, 46.160568217326158 ], [ -75.137643524927341, 46.184946088292634 ], [ -75.116558245524857, 46.184782616242387 ], [ -75.117388315589722, 46.215204796738533 ], [ -75.075229993675293, 46.215286661088669 ], [ -75.089904333466052, 46.103250571395847 ], [ -74.939433912662253, 46.105811364688805 ], [ -74.939090611722179, 46.062287657947195 ], [ -74.858694531928904, 46.062974886183326 ], [ -74.85822607352037, 46.016669450925917 ], [ -74.837087124032394, 46.016882762335513 ], [ -74.831661523624746, 45.973234592335018 ], [ -74.807734225380329, 45.973136181695224 ], [ -74.801727864097757, 45.944758182479973 ], [ -74.764243636359026, 45.946252148750148 ], [ -74.763217551020034, 45.972748187410502 ], [ -74.698245853665185, 45.97177834706082 ], [ -74.714585482703455, 45.887890589909205 ], [ -74.771114695312576, 45.760845018095154 ], [ -74.807913489077464, 45.638301025113492 ], [ -74.938086103071612, 45.644966464106574 ], [ -75.007366629598835, 45.602938628079414 ], [ -75.124843100726991, 45.577245302927679 ], [ -75.239903102467906, 45.58613458982785 ], [ -75.349770653135351, 45.536051783896994 ], [ -75.476636639118738, 45.515580277386221 ], [ -75.531222063110533, 45.49896941917109 ], [ -75.578473377692262, 45.474303084891233 ], [ -75.681115969727387, 45.459414377907535 ], [ -75.69595006620159, 45.447692289521342 ], [ -75.70514499635857, 45.424386878295763 ], [ -75.758397164772418, 45.411803752126445 ], [ -75.783120676715271, 45.38435955252703 ], [ -75.814982974352461, 45.373387517208641 ], [ -75.850123136618379, 45.376443275306599 ], [ -75.983571102689496, 45.475777403590541 ], [ -76.093407750217921, 45.517083652223619 ], [ -76.205689380388435, 45.517917277306026 ], [ -76.233079063774312, 45.50816737974651 ], [ -76.243108007632429, 45.467806205739066 ], [ -76.36997318533173, 45.459000978769666 ], [ -76.43672535238602, 45.497251104262943 ], [ -76.603287586111946, 45.531556905128411 ], [ -76.657067926536001, 45.559002087455212 ], [ -76.674207444955357, 45.585474143330543 ], [ -76.670040884769094, 45.625001899864969 ], [ -76.709541503751211, 45.665002413267871 ], [ -76.687096752329069, 45.684446716176126 ], [ -76.695846730762867, 45.7002524774432 ], [ -76.691791111983662, 45.710196961962254 ], [ -76.705152172742942, 45.72180828816164 ], [ -76.750818995271061, 45.724142145496444 ], [ -76.769347422456747, 45.733670050412115 ], [ -76.766291673801732, 45.747003426042909 ], [ -76.780486663722741, 45.785254042044983 ], [ -76.76481918217479, 45.806004215561643 ], [ -76.764735378944579, 45.85003239603077 ], [ -76.780457657184229, 45.873476979493773 ], [ -76.841265283716893, 45.891005081282287 ], [ -76.923796675140693, 45.895088787939585 ], [ -76.929991559945393, 45.88861663587727 ], [ -76.923047276523675, 45.870977633388975 ], [ -76.90276899434707, 45.855227529451781 ], [ -76.90588054505605, 45.847783096458897 ], [ -76.925520139229491, 45.846449873024653 ], [ -76.911575936988072, 45.81000537755591 ], [ -76.944549667431147, 45.790811104910858 ], [ -76.991856848321277, 45.786811102825368 ], [ -77.023969045819285, 45.806616955086895 ], [ -77.049275488630087, 45.809561637773925 ], [ -77.073498255914956, 45.831173011284761 ], [ -77.122666696946283, 45.841340005872325 ], [ -77.196641275621232, 45.870396058902429 ], [ -77.237058467595944, 45.922174073415022 ], [ -77.273254185529765, 45.945091009567818 ], [ -77.287643247557867, 45.979952071204536 ], [ -77.277892484400809, 46.009396465191344 ], [ -77.28236475202425, 46.017924232156304 ], [ -77.568481829434859, 46.157869622755243 ], [ -77.669067737132366, 46.195564093055225 ], [ -77.680595785549542, 46.197453200670225 ], [ -77.694235233690279, 46.182397836376708 ], [ -77.725846941724967, 46.193592762209448 ], [ -77.775904171779757, 46.192982161422435 ], [ -77.841600652162583, 46.206371556825161 ], [ -77.854499816894474, 46.232276916503906 ], [ -77.846687316894474, 46.250003814697322 ], [ -77.854476928710938, 46.265792846679801 ], [ -77.841598510742188, 46.287284851074276 ], [ -77.846282958984375, 46.295093536377067 ], [ -77.838836669921875, 46.314353942871151 ], [ -77.825210571289006, 46.322845458984489 ], [ -77.825988769531193, 46.332878112793026 ], [ -77.806739807128849, 46.357040405273438 ], [ -77.774795532226449, 46.372390747070369 ], [ -77.766159057617188, 46.389617919921818 ], [ -77.740135192871094, 46.403224945068473 ], [ -77.765426635742131, 46.43065261840826 ], [ -77.759117126464844, 46.438369750976619 ], [ -77.763320922851506, 46.450244903564453 ], [ -77.766311645507699, 46.445648193359489 ], [ -77.775932312011662, 46.45291900634777 ], [ -77.766593933105355, 46.458511352539062 ], [ -77.756607055664062, 46.491683959960938 ], [ -77.762741088867188, 46.503376007080192 ], [ -77.756004333496037, 46.505195617675895 ], [ -77.784782409667912, 46.527225494384879 ], [ -77.768058776855469, 46.537021636962891 ], [ -77.782630920410156, 46.550243377685604 ], [ -77.788429260253849, 46.57114410400402 ], [ -77.77423095703125, 46.584442138671932 ], [ -77.788482666015625, 46.606067657470703 ], [ -77.833480834960938, 46.623142242431754 ], [ -77.861938476562443, 46.656318664550781 ], [ -77.834503173828125, 46.679157257080135 ], [ -77.837478637695312, 46.695526123046989 ], [ -77.823066711425781, 46.699588775634822 ], [ -77.817512512206974, 46.710056304931697 ], [ -77.828765869140568, 46.720775604248161 ], [ -77.824844360351506, 46.738208770751953 ], [ -77.833473205566406, 46.757038116455192 ], [ -77.82501220703125, 46.763759613037109 ], [ -77.838325500488281, 46.773563385009822 ], [ -77.831756591796875, 46.77739334106451 ], [ -77.837959289550781, 46.791156768798942 ], [ -77.829544067382812, 46.805316925048942 ], [ -77.837081909179688, 46.808174133300838 ], [ -77.820976257324219, 46.806926727294979 ], [ -77.820480346679574, 46.820831298828239 ], [ -77.841140747070256, 46.831729888916072 ], [ -77.827346801757699, 46.817737579345703 ], [ -77.845901489257812, 46.819221496582031 ], [ -77.850517272949105, 46.812320709228572 ], [ -77.850883483886662, 46.821311950683594 ], [ -77.883506774902287, 46.821842193603572 ], [ -77.895179748535156, 46.829750061035213 ], [ -77.875274658203125, 46.830505371093807 ], [ -77.888671875, 46.836791992187557 ], [ -77.894866943359261, 46.855243682861442 ], [ -77.881927490234375, 46.863639831542969 ], [ -77.879180908203125, 46.882774353027401 ], [ -77.887687683105412, 46.887969970703239 ], [ -77.859031677246094, 46.920482635498161 ], [ -77.8577880859375, 46.940704345703125 ], [ -77.84539794921875, 46.928642272949162 ], [ -77.850799560546818, 46.891548156738338 ], [ -77.847999572753906, 46.871582031250114 ], [ -77.835258483886605, 46.917011260986385 ], [ -77.843338012695256, 46.948593139648494 ], [ -77.836105346679631, 46.966102600097713 ], [ -77.844764709472599, 46.995025634765625 ], [ -77.828346252441406, 47.014827728271541 ], [ -77.835145006808091, 47.0194788287356 ], [ -77.847129821777344, 47.00537109375 ], [ -77.850456237792969, 47.017456054687557 ], [ -77.845016479492188, 47.039722442627067 ], [ -77.833099365234375, 47.045539855957145 ], [ -77.838043212890625, 47.052894592285213 ], [ -77.82794189453125, 47.060153961181584 ], [ -77.828117370605469, 47.079406738281307 ], [ -77.8369140625, 47.089145660400334 ], [ -77.826370239257756, 47.108207702636776 ], [ -77.842903137207031, 47.103412628173942 ], [ -77.847297668457031, 47.105224609375114 ], [ -77.841552734374886, 47.119804382324219 ], [ -77.845268249511662, 47.141647338867301 ], [ -77.853836059570256, 47.146160125732536 ], [ -77.847129821777344, 47.149757385253906 ], [ -77.856254577636719, 47.167610168457145 ], [ -77.849395751953125, 47.178337097167969 ], [ -77.858375549316406, 47.236282348632926 ], [ -77.878921508789006, 47.245273590087947 ], [ -77.901176452636719, 47.243269388414717 ], [ -77.931185084327183, 47.269376383062763 ], [ -77.647272222282083, 47.269271541536057 ], [ -77.647278887065681, 47.290349718177652 ], [ -77.432627168763247, 47.290308448839482 ], [ -77.432656209276558, 47.144707767276998 ], [ -77.002270875390138, 47.145344703508215 ], [ -77.002046116029248, 47.290178109172928 ], [ -76.575717546076646, 47.289786848330039 ], [ -76.575405724306904, 47.604001356216145 ], [ -76.4248116086099, 47.512968259315528 ], [ -76.4177937046029, 47.517820879459123 ], [ -76.407633201998578, 47.562314175091331 ], [ -76.421309002893054, 47.600012334637313 ], [ -76.415958448079607, 47.602698079318714 ], [ -76.422271138812448, 47.60768222346411 ], [ -76.443771946091658, 47.599359905627864 ], [ -76.482092606639014, 47.599930525361515 ], [ -76.476094312637429, 47.615679322240908 ], [ -76.457311022042745, 47.614819336466951 ], [ -76.462145217060822, 47.621928143249647 ], [ -76.449943141780579, 47.626743841282178 ], [ -76.458817627350641, 47.627457981145312 ], [ -76.429192452809218, 47.63175216092867 ], [ -76.425986587959983, 47.640349416425863 ], [ -76.408767899653981, 47.638259158137942 ], [ -76.401984204452503, 47.643335769055568 ], [ -76.411939715186861, 47.643613693787302 ], [ -76.401976177545805, 47.64762639975379 ], [ -76.404428395188972, 47.6533043385067 ], [ -76.383408944692007, 47.661894675840074 ], [ -76.371976351861463, 47.651572654914617 ], [ -76.334975838502544, 47.657651021015056 ], [ -76.324459568267116, 47.669086076212352 ], [ -76.307117646191614, 47.666449679679602 ], [ -76.288506141713697, 47.681870304433289 ], [ -76.291590844668519, 47.686300044861468 ], [ -76.250388608588423, 47.700548253421289 ], [ -76.241219585107842, 47.719723171603107 ], [ -76.223384714593465, 47.727255301899106 ], [ -76.228743468692073, 47.729921595964811 ], [ -76.227874637972604, 47.730351295355717 ], [ -76.204473774514156, 47.72375410835474 ], [ -76.175850856235058, 47.736980325707577 ], [ -76.168545637581417, 47.734593796552133 ], [ -76.178188201622106, 47.725527370081522 ], [ -76.154297885458618, 47.71560842751984 ], [ -76.136512429110837, 47.724017715141656 ], [ -76.131659930467606, 47.718362412858824 ], [ -76.087346579232644, 47.726157759656928 ], [ -76.0746651334739, 47.721502448960166 ], [ -76.05664027460432, 47.731675959644008 ], [ -76.053442656279628, 47.724740964933062 ], [ -76.015805460657305, 47.723742811705279 ], [ -75.98308126112795, 47.743694773910136 ], [ -75.994340374277044, 47.754322955063287 ], [ -75.980298146956272, 47.763381059600306 ], [ -75.985331740475431, 47.772090918716174 ], [ -75.925004944783495, 47.801714372854406 ], [ -75.903971865284575, 47.79289107440627 ], [ -75.895583854840595, 47.800249979324406 ], [ -75.856350534966452, 47.803247853771779 ], [ -75.848896493199618, 47.792897703499989 ], [ -75.858549636191697, 47.78837366461039 ], [ -75.848549553477426, 47.785411998550217 ], [ -75.862100078513606, 47.788366466361424 ], [ -75.866229824259051, 47.779133610503777 ], [ -75.862396033017262, 47.770681821945175 ], [ -75.83178252237559, 47.767542861498043 ], [ -75.837974916761993, 47.75000149494889 ], [ -75.830774072952579, 47.743654275365031 ], [ -75.840148477798493, 47.738428520937589 ], [ -75.827865679595334, 47.736495284176897 ], [ -75.847812504938702, 47.732283799126776 ], [ -75.842707070386211, 47.719177506343783 ], [ -75.856800153539666, 47.713768892155429 ], [ -75.847793631562297, 47.713807430495081 ], [ -75.847402107768573, 47.70426836401208 ], [ -75.82989721611591, 47.703410922116632 ], [ -75.834619908046704, 47.697190556198279 ], [ -75.821645407399785, 47.697987104139145 ], [ -75.828248172351891, 47.690155299963976 ], [ -75.815962302621699, 47.692412429301271 ], [ -75.804896516678411, 47.669948250927462 ], [ -75.784846004891619, 47.680313270144779 ], [ -75.797648200047149, 47.708933584681063 ], [ -75.777373464246978, 47.757443528329929 ], [ -75.790660359161848, 47.780922196894437 ], [ -75.788303911403659, 47.791231765774114 ], [ -75.772534769097945, 47.818407317515494 ], [ -75.742223296708971, 47.830965909682561 ], [ -75.725396053082648, 47.847533296121981 ] ] ] } },
{ "type": "Feature", "properties": { "code": "08", "nom": "Abitibi-Témiscamingue", "slug": "abitibi-temiscamingue" }, "geometry": { "type": "Polygon", "coordinates": [ [ [ -75.520552110480452, 49.000069860322348 ], [ -75.520642708037556, 47.847737860901098 ], [ -75.725396053082633, 47.847533296122009 ], [ -75.742223296709, 47.830965909682455 ], [ -75.771991558192212, 47.818880150782761 ], [ -75.788303911403702, 47.791231765774022 ], [ -75.790660359161905, 47.780922196894366 ], [ -75.777373464246978, 47.757443528329837 ], [ -75.797648200047135, 47.708933584681013 ], [ -75.784846004891634, 47.680313270144644 ], [ -75.806228951563028, 47.669671621641271 ], [ -75.815962302621742, 47.692412429301235 ], [ -75.828248172351962, 47.690155299963976 ], [ -75.821645407399856, 47.697987104139138 ], [ -75.834619908046832, 47.697190556198258 ], [ -75.829897216115896, 47.703410922116582 ], [ -75.847402107768573, 47.704268364011966 ], [ -75.847793631562311, 47.713807430495052 ], [ -75.856800153539695, 47.713768892155443 ], [ -75.842707070386282, 47.719177506343662 ], [ -75.847812504938688, 47.732283799126733 ], [ -75.827865679595362, 47.736495284176861 ], [ -75.840148477798522, 47.738428520937596 ], [ -75.830774072952593, 47.743654275364989 ], [ -75.83797491676205, 47.750001494948897 ], [ -75.831782522375605, 47.767542861498079 ], [ -75.862396033017234, 47.770681821945196 ], [ -75.866229824259065, 47.779133610503784 ], [ -75.862100078513691, 47.788366466361381 ], [ -75.848549553477426, 47.785411998550281 ], [ -75.858549636191725, 47.788373664610319 ], [ -75.848896493199675, 47.792897703499925 ], [ -75.856909129221464, 47.803421886787596 ], [ -75.895583854840666, 47.800249979324349 ], [ -75.903971865284632, 47.792891074406214 ], [ -75.934566797212554, 47.800223753168247 ], [ -75.985331740475502, 47.772090918716088 ], [ -75.980298146956315, 47.763381059600221 ], [ -75.994340374277087, 47.754322955063223 ], [ -75.983081261127992, 47.743694773910214 ], [ -76.015805460657376, 47.723742811705137 ], [ -76.053442656279699, 47.724740964933076 ], [ -76.056640274604334, 47.731675959644001 ], [ -76.074665133473971, 47.721502448960152 ], [ -76.087346579232616, 47.726157759656907 ], [ -76.131659930467606, 47.718362412858731 ], [ -76.131822411927985, 47.723678946434504 ], [ -76.136512429110823, 47.724017715141528 ], [ -76.154297885458632, 47.715608427519818 ], [ -76.178188201622106, 47.725527370081593 ], [ -76.168545637581502, 47.734593796552012 ], [ -76.175850856235087, 47.736980325707499 ], [ -76.204473774514199, 47.723754108354726 ], [ -76.227874637972604, 47.730351295355632 ], [ -76.22338471459345, 47.727255301899056 ], [ -76.241219585107899, 47.719723171603128 ], [ -76.250388608588537, 47.700548253421239 ], [ -76.291590844668505, 47.686300044861468 ], [ -76.288506141713668, 47.681870304433176 ], [ -76.307117646191742, 47.666449679679552 ], [ -76.324459568267116, 47.669086076212231 ], [ -76.334975838502601, 47.657651021015035 ], [ -76.371976351861463, 47.651572654914574 ], [ -76.383408944692079, 47.661894675839996 ], [ -76.404428395188972, 47.653304338506601 ], [ -76.401976177545791, 47.647626399753698 ], [ -76.411939715186932, 47.643613693787273 ], [ -76.401984204452503, 47.643335769055497 ], [ -76.406543305220069, 47.639390744831715 ], [ -76.426718904627677, 47.640134005197261 ], [ -76.429192452809261, 47.631752160928563 ], [ -76.460108941319191, 47.626639885564721 ], [ -76.449943141780636, 47.626743841282092 ], [ -76.462145217060808, 47.621928143249654 ], [ -76.457311022042759, 47.614819336466823 ], [ -76.481590179195649, 47.610885949216502 ], [ -76.479998314244014, 47.599443903218898 ], [ -76.443771946091644, 47.599359905627836 ], [ -76.422271138812462, 47.607682223464124 ], [ -76.415958448079678, 47.602698079318799 ], [ -76.421309002893125, 47.600012334637256 ], [ -76.407633201998593, 47.562314175091245 ], [ -76.417793704602971, 47.517820879459144 ], [ -76.424811608609986, 47.512968259315542 ], [ -76.575405724306961, 47.604001356216038 ], [ -76.575717546076703, 47.289786848329975 ], [ -77.002046116029263, 47.290178109172885 ], [ -77.002270875390138, 47.145344703508101 ], [ -77.432656209276544, 47.144707767276877 ], [ -77.432627168763275, 47.290308448839397 ], [ -77.647278887065696, 47.290349718177623 ], [ -77.647272222282126, 47.269271541535986 ], [ -77.931185084327183, 47.269376383062713 ], [ -77.901176452636719, 47.243269388414724 ], [ -77.878921508789062, 47.245273590087891 ], [ -77.858375549316406, 47.236282348632812 ], [ -77.849395751953125, 47.178337097167969 ], [ -77.856254577636719, 47.167610168457031 ], [ -77.847129821777344, 47.149757385253906 ], [ -77.853836059570312, 47.146160125732422 ], [ -77.845268249511719, 47.141647338867188 ], [ -77.841552734375, 47.119804382324219 ], [ -77.847297668457031, 47.105224609375 ], [ -77.826370239257812, 47.108207702636719 ], [ -77.8369140625, 47.089145660400391 ], [ -77.828117370605469, 47.07940673828125 ], [ -77.82794189453125, 47.060153961181641 ], [ -77.838043212890625, 47.052894592285156 ], [ -77.833099365234375, 47.045539855957031 ], [ -77.845016479492188, 47.039722442626953 ], [ -77.850456237792969, 47.0174560546875 ], [ -77.847129821777344, 47.00537109375 ], [ -77.835145006808162, 47.019478828735473 ], [ -77.828346252441406, 47.014827728271484 ], [ -77.844764709472656, 46.995025634765625 ], [ -77.836105346679688, 46.966102600097656 ], [ -77.843338012695312, 46.948593139648438 ], [ -77.835258483886719, 46.917011260986328 ], [ -77.847999572753906, 46.87158203125 ], [ -77.84539794921875, 46.928642272949219 ], [ -77.8577880859375, 46.940704345703125 ], [ -77.859031677246094, 46.920482635498047 ], [ -77.887687683105469, 46.887969970703125 ], [ -77.879180908203125, 46.882774353027344 ], [ -77.881927490234375, 46.863639831542969 ], [ -77.894866943359375, 46.855243682861328 ], [ -77.888671875, 46.8367919921875 ], [ -77.875274658203125, 46.83050537109375 ], [ -77.895179748535156, 46.829750061035156 ], [ -77.883506774902344, 46.821842193603516 ], [ -77.850883483886719, 46.821311950683594 ], [ -77.850517272949219, 46.812320709228516 ], [ -77.845901489257812, 46.819221496582031 ], [ -77.827346801757812, 46.817737579345703 ], [ -77.841140747070312, 46.831729888916016 ], [ -77.820480346679688, 46.820831298828125 ], [ -77.820976257324219, 46.806926727294922 ], [ -77.827125549316406, 46.805057525634766 ], [ -77.830474853515625, 46.809524536132812 ], [ -77.837081909179688, 46.808174133300781 ], [ -77.829544067382812, 46.805316925048828 ], [ -77.837959289550781, 46.791156768798828 ], [ -77.831756591796875, 46.777393341064453 ], [ -77.838325500488281, 46.773563385009766 ], [ -77.82501220703125, 46.763759613037109 ], [ -77.833473205566406, 46.757038116455078 ], [ -77.824844360351562, 46.738208770751953 ], [ -77.828765869140625, 46.720775604248047 ], [ -77.817512512207031, 46.710056304931641 ], [ -77.823066711425781, 46.699588775634766 ], [ -77.837478637695312, 46.695526123046875 ], [ -77.834503173828125, 46.679157257080078 ], [ -77.8619384765625, 46.656318664550781 ], [ -77.833480834960938, 46.623142242431641 ], [ -77.788482666015625, 46.606067657470703 ], [ -77.77423095703125, 46.584442138671875 ], [ -77.788429260253906, 46.571144104003906 ], [ -77.782630920410156, 46.550243377685547 ], [ -77.768058776855469, 46.537021636962891 ], [ -77.784782409667969, 46.527225494384766 ], [ -77.756004333496094, 46.505195617675781 ], [ -77.762741088867188, 46.503376007080078 ], [ -77.756607055664062, 46.491683959960938 ], [ -77.766593933105469, 46.458511352539062 ], [ -77.775932312011719, 46.452919006347656 ], [ -77.766311645507812, 46.445648193359375 ], [ -77.766067504882812, 46.450439453125 ], [ -77.763320922851562, 46.450244903564453 ], [ -77.759117126464844, 46.438369750976562 ], [ -77.765426635742188, 46.430652618408203 ], [ -77.740135192871094, 46.403224945068359 ], [ -77.766159057617188, 46.389617919921875 ], [ -77.774795532226562, 46.372390747070312 ], [ -77.806739807128906, 46.357040405273438 ], [ -77.82598876953125, 46.332878112792969 ], [ -77.825210571289062, 46.322845458984375 ], [ -77.838836669921875, 46.314353942871094 ], [ -77.846282958984375, 46.295093536376953 ], [ -77.841598510742188, 46.287284851074219 ], [ -77.854476928710938, 46.265792846679688 ], [ -77.846687316894531, 46.250003814697266 ], [ -77.854499816894531, 46.232276916503906 ], [ -77.841600652162583, 46.206371556825047 ], [ -77.9369914641794, 46.227566379909959 ], [ -77.991215091509858, 46.247983141762447 ], [ -78.048163758096976, 46.238289034699996 ], [ -78.146983658592276, 46.27690142176899 ], [ -78.213925877112956, 46.269956954050322 ], [ -78.252641418493965, 46.276123709937039 ], [ -78.308615318315205, 46.253178657897386 ], [ -78.3367552054507, 46.260484299922062 ], [ -78.394840327904305, 46.292540171632332 ], [ -78.501967814559791, 46.294819073809755 ], [ -78.600152183099397, 46.318984544286948 ], [ -78.688849606196428, 46.318151340304915 ], [ -78.711267031633128, 46.324984801810068 ], [ -78.729128569534936, 46.342957149337835 ], [ -78.722266867745802, 46.369290416961491 ], [ -78.729294752473407, 46.384818116647175 ], [ -78.889633937716283, 46.460124416299323 ], [ -78.987860266967488, 46.547014322462921 ], [ -78.997554767290438, 46.571292207035128 ], [ -78.99427684327209, 46.593431341555139 ], [ -79.008221529712387, 46.605237346312279 ], [ -79.015610456388572, 46.631460197064193 ], [ -79.074498602259752, 46.664794233205754 ], [ -79.074304131358375, 46.675599864611392 ], [ -79.093776503692752, 46.688349981018497 ], [ -79.100582245263126, 46.711461157487825 ], [ -79.118916020240448, 46.731655723792649 ], [ -79.166863387183, 46.82104566701058 ], [ -79.177253697247011, 46.829323738699223 ], [ -79.212174747291755, 46.832018797754792 ], [ -79.227287099050457, 46.845269423218753 ], [ -79.247093462574355, 46.872826637861017 ], [ -79.314621297885196, 46.932940185466599 ], [ -79.337345253853698, 46.970662893008388 ], [ -79.347513073738341, 47.008941271389311 ], [ -79.395518673630605, 47.043469694943667 ], [ -79.435743861663724, 47.085775853547105 ], [ -79.446577446214974, 47.110442715150256 ], [ -79.428214890768558, 47.193026318239212 ], [ -79.43929880960529, 47.214970554037649 ], [ -79.429214630253639, 47.23872045000882 ], [ -79.434242574769371, 47.258887424170659 ], [ -79.452493690844165, 47.282527083051562 ], [ -79.484384080621538, 47.30502792550238 ], [ -79.476800299936542, 47.31813948727217 ], [ -79.500884649400007, 47.322722999939813 ], [ -79.512774160543714, 47.344640548523543 ], [ -79.551137689073016, 47.372336079091667 ], [ -79.579334149144614, 47.432643294921029 ], [ -79.574139707315808, 47.459172202865901 ], [ -79.553944141418739, 47.49556232086637 ], [ -79.55588863093071, 47.515979025762448 ], [ -79.511580187268038, 47.540755749383926 ], [ -79.517497276299594, 47.550533595025819 ], [ -79.517769790344047, 49.009120322999287 ], [ -79.053526083777072, 49.009313773271543 ], [ -79.053471051371005, 48.999986248592691 ], [ -78.949936171296613, 48.999722744489063 ], [ -78.903261518147616, 48.999644834272651 ], [ -78.903250450086176, 49.009516908322297 ], [ -78.862215623305801, 49.00955485430346 ], [ -78.75288195526187, 49.009161391179276 ], [ -78.752872764291894, 49.000081443165143 ], [ -75.520552110480452, 49.000069860322348 ] ] ] } },
{ "type": "Feature", "properties": { "code": "09", "nom": "Côte-Nord", "slug": "cote-nord" }, "geometry": { "type": "MultiPolygon", "coordinates": [ [ [ [ -67.416771637260538, 54.999496830010344 ], [ -67.396104100389437, 54.989968776085142 ], [ -67.411938396055291, 54.979385382016709 ], [ -67.389770984359714, 54.964551725970537 ], [ -67.396215702924522, 54.96094061402345 ], [ -67.367131410663362, 54.942551394768103 ], [ -67.349436280088781, 54.9414958337629 ], [ -67.351436548847062, 54.93138465786798 ], [ -67.337130471967498, 54.92560679106348 ], [ -67.33279746921076, 54.906162164012287 ], [ -67.309157763704917, 54.897745193936153 ], [ -67.304713405714224, 54.880689371276681 ], [ -67.276017908167475, 54.870883484926821 ], [ -67.280407039520128, 54.866466726986964 ], [ -67.254767338491376, 54.850105216553338 ], [ -67.262906623123087, 54.845132936044585 ], [ -67.253073056325263, 54.833854959174822 ], [ -67.20840464946707, 54.824521048950167 ], [ -67.217849811082502, 54.802965143466359 ], [ -67.207155214197158, 54.790659309984477 ], [ -67.169209374961042, 54.775214361837627 ], [ -67.173015284515628, 54.766908712360745 ], [ -67.121763365533198, 54.749074714786722 ], [ -67.06320605941788, 54.703351333667797 ], [ -67.073206538559944, 54.699295797124918 ], [ -67.053178055746727, 54.695712301038618 ], [ -67.074540247407924, 54.683628869984048 ], [ -67.06487326797982, 54.675045367229814 ], [ -67.067706910560673, 54.667267469237295 ], [ -67.125015192487098, 54.654462060326615 ], [ -67.116598329679618, 54.646100788829472 ], [ -67.13809979513826, 54.634461803258411 ], [ -67.133960973506973, 54.622017196149145 ], [ -67.153767545686605, 54.622517294811757 ], [ -67.179491764403068, 54.606989399931052 ], [ -67.228966026167484, 54.617823179617126 ], [ -67.2242994257672, 54.602628481025867 ], [ -67.229966416212264, 54.601572924089488 ], [ -67.220077466344492, 54.586239308019351 ], [ -67.278774287889945, 54.587795257997378 ], [ -67.266996517190677, 54.562628119409545 ], [ -67.28899758383011, 54.557517006081426 ], [ -67.291025491836436, 54.552905863980243 ], [ -67.256079543584946, 54.553738993655884 ], [ -67.26344124692443, 54.537627731055302 ], [ -67.229856554020216, 54.53084960405468 ], [ -67.219050713524027, 54.520821593522086 ], [ -67.243413102759092, 54.51098822464219 ], [ -67.239107514295526, 54.499293601209267 ], [ -67.245441264228759, 54.491960200946558 ], [ -67.261636257438397, 54.494904732313273 ], [ -67.262830933588191, 54.483487946755915 ], [ -67.289998743785432, 54.488932581575909 ], [ -67.292470697009833, 54.50618294455068 ], [ -67.301804407563793, 54.514016441495393 ], [ -67.3378059725528, 54.502266464962517 ], [ -67.342194869389658, 54.516405558771126 ], [ -67.364945828027587, 54.516933627927322 ], [ -67.366028963724247, 54.524683738914163 ], [ -67.407752634902423, 54.540518005237082 ], [ -67.398224398647443, 54.546462536493912 ], [ -67.432892287825808, 54.557852171417601 ], [ -67.427030757234945, 54.565463490748819 ], [ -67.464504182330188, 54.580714168408157 ], [ -67.492755334988402, 54.581686591091298 ], [ -67.49097761628083, 54.573464079993165 ], [ -67.519062365655728, 54.569908341442186 ], [ -67.509839706153997, 54.56524161341315 ], [ -67.512756755608834, 54.552768951681053 ], [ -67.484172322422367, 54.5460187013541 ], [ -67.4848391615579, 54.539351817714454 ], [ -67.471116530517591, 54.531934839103236 ], [ -67.472950158668397, 54.519045566676887 ], [ -67.504535228110825, 54.502295193734717 ], [ -67.489618179409803, 54.491739332587379 ], [ -67.492090614557185, 54.479822489441496 ], [ -67.531064406643239, 54.488239564748064 ], [ -67.549565165924292, 54.482128432051304 ], [ -67.566926876476629, 54.492795350113646 ], [ -67.581122001388593, 54.491434314647499 ], [ -67.573177328553029, 54.480795184700817 ], [ -67.589872550379226, 54.474878499136508 ], [ -67.623040708947286, 54.473962068308182 ], [ -67.645596567705283, 54.508351567784658 ], [ -67.66334762861463, 54.492268143388465 ], [ -67.665014542616305, 54.477990130329701 ], [ -67.6534308740668, 54.470184362860415 ], [ -67.670431585529855, 54.465628801799014 ], [ -67.660153572077263, 54.458489816792309 ], [ -67.669959675450713, 54.44632292763837 ], [ -67.70571124749884, 54.441128628290016 ], [ -67.717378397563337, 54.448823255977771 ], [ -67.704044266068976, 54.457490011470853 ], [ -67.726045211269451, 54.461990220258876 ], [ -67.729601059343182, 54.446323335169772 ], [ -67.774714246802233, 54.438434526216369 ], [ -67.776992300899721, 54.428212213058863 ], [ -67.756713900940582, 54.414156275422371 ], [ -67.743241142933201, 54.415239580580163 ], [ -67.743269124523252, 54.400683787480546 ], [ -67.714018133586833, 54.388127861692951 ], [ -67.740880989280498, 54.347127363712133 ], [ -67.721019090043612, 54.348655035425828 ], [ -67.727352920159134, 54.335460426308892 ], [ -67.686184587941398, 54.327154490985791 ], [ -67.662906141671527, 54.311848584936186 ], [ -67.669823481992438, 54.289292724587305 ], [ -67.660350993706246, 54.275459112748372 ], [ -67.683213386018551, 54.261070131831538 ], [ -67.670352062531521, 54.240291920823573 ], [ -67.655934860515273, 54.234958424557682 ], [ -67.655573766164835, 54.227319403797111 ], [ -67.617516882697345, 54.220013597149155 ], [ -67.606516611225686, 54.207263280509871 ], [ -67.633323327065085, 54.202318885735941 ], [ -67.608211162188624, 54.198040905433906 ], [ -67.616767385150268, 54.187485230077051 ], [ -67.651240920300452, 54.186568784453655 ], [ -67.641435060854917, 54.181346421924502 ], [ -67.650546715212826, 54.17309634685293 ], [ -67.633685084219891, 54.164873875323487 ], [ -67.635740728522478, 54.158762684492601 ], [ -67.696326719806791, 54.160346501587526 ], [ -67.722466978776538, 54.149124867309077 ], [ -67.753495811171376, 54.156847175365073 ], [ -67.803637423649434, 54.130013889089014 ], [ -67.788359401685014, 54.117764459873719 ], [ -67.796720829165238, 54.113292029533454 ], [ -67.796248881533458, 54.102264346038247 ], [ -67.760025460517866, 54.103932402822736 ], [ -67.750275706380918, 54.088877867875375 ], [ -67.781637747066426, 54.083404178215076 ], [ -67.769637795921682, 54.069043678205837 ], [ -67.792194397847325, 54.049098563717614 ], [ -67.780194218460394, 54.03937675207699 ], [ -67.799944974261649, 54.036904187515475 ], [ -67.817612606779662, 54.023931970791367 ], [ -67.809168192064462, 54.013265685868809 ], [ -67.776833498227703, 54.013293631760334 ], [ -67.783056306770447, 54.003432574858877 ], [ -67.771361492995808, 53.99765471150284 ], [ -67.759777552729076, 54.003043598883401 ], [ -67.725248505862652, 53.983376162043314 ], [ -67.676468568671226, 53.978541668196449 ], [ -67.675524108594445, 53.969985567816863 ], [ -67.653800850719733, 53.962039818979321 ], [ -67.65043957535768, 53.952066892977967 ], [ -67.66885711139733, 53.947650490606883 ], [ -67.666579342704878, 53.937066269137652 ], [ -67.633133353039725, 53.936676698573798 ], [ -67.631105473696749, 53.930565222162791 ], [ -67.583159000321601, 53.923286557407295 ], [ -67.599798822060734, 53.906591946921807 ], [ -67.584770578468152, 53.897313970437843 ], [ -67.606132858288504, 53.8856194868603 ], [ -67.594938034047274, 53.879535951089132 ], [ -67.60329949032554, 53.873091539102518 ], [ -67.583354363726002, 53.868119060934553 ], [ -67.56838140696216, 53.874035807524507 ], [ -67.548492051578222, 53.855590954470536 ], [ -67.560131385582153, 53.851146518845709 ], [ -67.556298100074528, 53.844563031180201 ], [ -67.488850957078, 53.838534795487675 ], [ -67.508826406511204, 53.819591264872685 ], [ -67.506216292680648, 53.814230501688385 ], [ -67.525577830270493, 53.810647033026463 ], [ -67.525884497652854, 53.80323077520957 ], [ -67.593023545918157, 53.793479556577303 ], [ -67.545442030019046, 53.777841986223173 ], [ -67.593941629917268, 53.76403496615891 ], [ -67.492059620970124, 53.7563454354217 ], [ -67.513311052811801, 53.734956436650613 ], [ -67.469114027033299, 53.71492762928245 ], [ -67.436915340169307, 53.711287045478613 ], [ -67.437191629268725, 53.721342132601059 ], [ -67.454083042459587, 53.723009802661743 ], [ -67.449803717810781, 53.730787038984253 ], [ -67.406132065207004, 53.721868424623835 ], [ -67.421774588622256, 53.7100919203777 ], [ -67.409832051210742, 53.694953812820067 ], [ -67.384386567069072, 53.693425957172522 ], [ -67.406809629160151, 53.664261356701523 ], [ -67.391419780764565, 53.663566824199229 ], [ -67.393336733242123, 53.656650068181349 ], [ -67.381641641731363, 53.651594301314027 ], [ -67.383058803397844, 53.616732583884939 ], [ -67.325362231763592, 53.588676204173503 ], [ -67.303694468360774, 53.587648333438274 ], [ -67.315389844936419, 53.565175758247605 ], [ -67.307556104118319, 53.552369915880732 ], [ -67.290388525861928, 53.546091895502173 ], [ -67.259386860838489, 53.563592112726049 ], [ -67.218829240992008, 53.531674310558671 ], [ -67.211801186040745, 53.539980100144405 ], [ -67.193494822004936, 53.536813222658111 ], [ -67.195606135225717, 53.547730162199237 ], [ -67.183355696157051, 53.559230455744732 ], [ -67.129017846558895, 53.533783739261857 ], [ -67.1135438411156, 53.537005271354289 ], [ -67.099876676023101, 53.529810622434056 ], [ -67.068262351553315, 53.542976207357405 ], [ -67.045958827442306, 53.531616180906774 ], [ -67.036375340017628, 53.536005108626966 ], [ -67.016404038165135, 53.527172281886763 ], [ -67.016237889954667, 53.516394657399509 ], [ -67.004876690287503, 53.513089177331963 ], [ -66.99923793382267, 53.501394772042545 ], [ -66.971181290375483, 53.500005742784147 ], [ -66.993154946573654, 53.478144398984519 ], [ -66.989932887177588, 53.468671992258429 ], [ -66.947514274721769, 53.47897750362975 ], [ -66.932235948174792, 53.475616252117597 ], [ -66.928319530441001, 53.459643743802509 ], [ -66.916013524837737, 53.458004732681729 ], [ -66.931598143329325, 53.439587855261287 ], [ -66.921459284128915, 53.425309790305448 ], [ -66.901069354532552, 53.420114991644205 ], [ -66.892957654466542, 53.425420490489287 ], [ -66.875234663363869, 53.413892300314309 ], [ -66.90657033609655, 53.389670230202157 ], [ -66.922098665758227, 53.394698193622219 ], [ -66.942682999811893, 53.385142641302593 ], [ -66.945044458704629, 53.369086887826057 ], [ -66.962767649394621, 53.35936454946166 ], [ -66.996991104161097, 53.369837118792617 ], [ -67.004380281556863, 53.36250377480377 ], [ -66.986379814922657, 53.354947935865418 ], [ -67.020575318132657, 53.339531498223785 ], [ -67.013742149781237, 53.321225577235232 ], [ -66.989936141556626, 53.326808784107435 ], [ -66.951657566801259, 53.310808536340502 ], [ -66.944547523313958, 53.283280667065405 ], [ -66.958076259401395, 53.275891905278151 ], [ -66.958271322617222, 53.263391847863275 ], [ -66.969883340852476, 53.254836368603002 ], [ -66.962216539352383, 53.250086297882788 ], [ -66.968828148208374, 53.246086316893397 ], [ -66.963883808979347, 53.236558468187695 ], [ -66.974467823655061, 53.228752937448085 ], [ -66.960189761775652, 53.220224921242099 ], [ -66.968385249403468, 53.203974948869742 ], [ -66.950940336686074, 53.19714129051841 ], [ -66.959940848435878, 53.191335864195104 ], [ -66.951190949639042, 53.18044667048801 ], [ -66.996526723770216, 53.168892280428587 ], [ -67.006222216158903, 53.156614330779398 ], [ -67.005000420968358, 53.147530820364587 ], [ -66.990639100720571, 53.139891493039485 ], [ -66.94227608014927, 53.137112629654212 ], [ -66.983639955685362, 53.118640841026085 ], [ -66.980863215896903, 53.098390423524727 ], [ -66.969223958551567, 53.096501404569302 ], [ -66.978141781256241, 53.083834541090482 ], [ -67.043141265494228, 53.069556648561814 ], [ -67.072335192635009, 53.073418169439719 ], [ -67.076808384390205, 53.078918824366383 ], [ -67.066836954141067, 53.088613633817339 ], [ -67.076281091812334, 53.10566960947137 ], [ -67.052419490869852, 53.114752795862543 ], [ -67.061641599026657, 53.125197573225037 ], [ -67.055807826092916, 53.137364311149639 ], [ -67.101085168306355, 53.120418961501187 ], [ -67.115943279234912, 53.100305970460106 ], [ -67.12766685381267, 53.123890037148129 ], [ -67.154582643548892, 53.128111462644227 ], [ -67.138612280287617, 53.13514045854631 ], [ -67.144751933388008, 53.140307429826102 ], [ -67.224950083107956, 53.147113537583216 ], [ -67.267650860553957, 53.17703296334664 ], [ -67.298011400378613, 53.158726474184888 ], [ -67.288259740711993, 53.153559097985138 ], [ -67.286284033055736, 53.138862864785814 ], [ -67.372387499601516, 53.101635703972612 ], [ -67.386969979179554, 53.077773581685456 ], [ -67.375364410213365, 53.044469794806467 ], [ -67.36200812882069, 53.029721564454782 ], [ -67.348343211347895, 53.031472520890247 ], [ -67.360787841913165, 53.022277806236367 ], [ -67.342490993817989, 53.005225686417539 ], [ -67.356433438747572, 52.998446664990098 ], [ -67.342105681801613, 52.988781854732238 ], [ -67.344189748861865, 52.982281601538347 ], [ -67.314718268926867, 52.987199395387108 ], [ -67.30663535878297, 52.978727006302925 ], [ -67.286438542916457, 52.992032678045398 ], [ -67.278827373873597, 52.985282552474274 ], [ -67.232797088088702, 52.981782207793657 ], [ -67.274467337401816, 52.959059882564254 ], [ -67.295497319121139, 52.958032266576303 ], [ -67.306303220840874, 52.966032356284131 ], [ -67.338362615095051, 52.951587608242328 ], [ -67.336697593815515, 52.941309797131652 ], [ -67.35125365832657, 52.93528166488364 ], [ -67.350282985730146, 52.927476179153139 ], [ -67.330145364801282, 52.910420605677309 ], [ -67.341896367601194, 52.89514266437066 ], [ -67.323756061071933, 52.878197826839745 ], [ -67.290362094379191, 52.886558670340236 ], [ -67.254885361312787, 52.874502365769864 ], [ -67.243302232430665, 52.852390451326457 ], [ -67.230857537649371, 52.849084712986503 ], [ -67.231719257622458, 52.840778904567017 ], [ -67.188078891715392, 52.833333925170287 ], [ -67.165828062910649, 52.815249956502711 ], [ -67.150963694277479, 52.853445014221663 ], [ -67.132239624664678, 52.850444445884946 ], [ -67.125625520562679, 52.860777165275081 ], [ -67.063670718215747, 52.875690993200422 ], [ -67.050202675137527, 52.864942170410153 ], [ -67.057481445723624, 52.859414642157525 ], [ -67.047708965266253, 52.839582614202435 ], [ -67.065350372923675, 52.821888460375568 ], [ -67.055738832024502, 52.808554685187843 ], [ -67.070378863760681, 52.776942926013561 ], [ -67.035321753883338, 52.774581637386646 ], [ -67.042183199662361, 52.769914948372595 ], [ -67.032377384429779, 52.74913672229625 ], [ -67.016459979684896, 52.754831270913108 ], [ -67.019515894979492, 52.743275275080961 ], [ -66.986376167279744, 52.764719620733665 ], [ -66.97340616464065, 52.75377458631985 ], [ -66.955628373511686, 52.760412455658468 ], [ -66.944327109695948, 52.737272948227485 ], [ -66.925857323597469, 52.727855482602727 ], [ -66.906830153707247, 52.703910372576793 ], [ -66.899941562290564, 52.678465551401466 ], [ -66.853300436187965, 52.674104137615025 ], [ -66.854798778587394, 52.690021202291106 ], [ -66.896439059517547, 52.730771917185749 ], [ -66.855740214988344, 52.719799648816121 ], [ -66.862462299128083, 52.728827593580803 ], [ -66.85690373486942, 52.750855871400773 ], [ -66.872265641891204, 52.756716784229866 ], [ -66.858677887340789, 52.768855702123957 ], [ -66.839400749533837, 52.751939356622714 ], [ -66.817847359915632, 52.712493481114542 ], [ -66.802789422922828, 52.71629876567782 ], [ -66.792650556304636, 52.679324155697067 ], [ -66.760753908021385, 52.66726584904665 ], [ -66.758587254453744, 52.678044331585184 ], [ -66.771896166490365, 52.693323989784155 ], [ -66.750948104581013, 52.701323752133796 ], [ -66.758978342051279, 52.723381408381897 ], [ -66.752423469450207, 52.745744269432734 ], [ -66.789338744238549, 52.799467338893749 ], [ -66.776060107833118, 52.802161706698961 ], [ -66.742644243797557, 52.768827974254577 ], [ -66.714838180422646, 52.759911087280003 ], [ -66.688058894563625, 52.766049815015776 ], [ -66.686501853267103, 52.788660847286557 ], [ -66.672862180029696, 52.791910639753688 ], [ -66.666473646830639, 52.782410656052043 ], [ -66.647190839916874, 52.782270663039462 ], [ -66.666527423174927, 52.809799375945886 ], [ -66.662525651120362, 52.836021466684244 ], [ -66.641274410738603, 52.851243765879943 ], [ -66.65519149938568, 52.865716223435264 ], [ -66.644635153788229, 52.87429964396938 ], [ -66.665080446615349, 52.892438889904213 ], [ -66.650496253025835, 52.893105412637119 ], [ -66.650718219818359, 52.901438903573926 ], [ -66.631467127709911, 52.89871644114875 ], [ -66.650023186617304, 52.924161407540559 ], [ -66.633160674691396, 52.930911319234291 ], [ -66.638994266587375, 52.935689220348493 ], [ -66.63074301105982, 52.955911591584744 ], [ -66.569514746266222, 52.935326989535874 ], [ -66.562763104823958, 52.942632342334356 ], [ -66.527338113053389, 52.946491754427306 ], [ -66.530785304851008, 52.959631279259426 ], [ -66.516256207932997, 52.967575547891762 ], [ -66.510585146746962, 52.951518930338807 ], [ -66.497915144228969, 52.948184850363994 ], [ -66.48730584171453, 52.957268683192176 ], [ -66.493919256179254, 52.965685792560045 ], [ -66.485169620168449, 52.968741554552402 ], [ -66.498951235217731, 52.982575764573909 ], [ -66.487952904970854, 52.991520652064203 ], [ -66.497510672374631, 52.998771097044532 ], [ -66.469646346683405, 52.990103778672093 ], [ -66.477676496394565, 53.019521344219392 ], [ -66.468926193315994, 53.023410194854108 ], [ -66.476731829974625, 53.033827044729087 ], [ -66.473176111194846, 53.04177162231958 ], [ -66.461286725207998, 53.036799199347804 ], [ -66.46028643233501, 53.052743864696886 ], [ -66.444341595406229, 53.0422714494903 ], [ -66.436341087068271, 53.047715919771079 ], [ -66.401447546611436, 53.020353642043744 ], [ -66.375356538775051, 53.014713331397104 ], [ -66.366520519412887, 53.020907442656451 ], [ -66.345292131238722, 53.005906224485955 ], [ -66.338123391053728, 52.982294383688668 ], [ -66.321539830480049, 52.971182922539192 ], [ -66.323567201033001, 52.937904624223982 ], [ -66.307622231731756, 52.921126517687057 ], [ -66.292760410099532, 52.917154180478128 ], [ -66.257606686514535, 52.86679337542779 ], [ -66.294915724864993, 52.860238104680185 ], [ -66.276447084044577, 52.845099307994303 ], [ -66.286172477636285, 52.835904970652948 ], [ -66.310088010458927, 52.843155021091135 ], [ -66.333944016264837, 52.863904981768194 ], [ -66.35464194601137, 52.85721073913345 ], [ -66.372752317137298, 52.863627526344118 ], [ -66.387054352421345, 52.877794088344501 ], [ -66.415809838107222, 52.866655574172377 ], [ -66.417481982394065, 52.850627994195108 ], [ -66.381290561864063, 52.819044402134899 ], [ -66.375929083478368, 52.809433134025547 ], [ -66.386069060868252, 52.795738609140237 ], [ -66.355288573400827, 52.802238433439989 ], [ -66.346537967082924, 52.794432693994551 ], [ -66.349927226697019, 52.781127002707237 ], [ -66.328092635879557, 52.760654335782924 ], [ -66.334980736362937, 52.744987407969042 ], [ -66.307726568487155, 52.725764472321487 ], [ -66.339664168997814, 52.702180236969909 ], [ -66.33357666706047, 52.687874110725311 ], [ -66.339492469983298, 52.683401746875603 ], [ -66.294497746994793, 52.650068322133194 ], [ -66.306078260110127, 52.636845717614712 ], [ -66.287277443902298, 52.640707188087219 ], [ -66.291859727826278, 52.633623702484833 ], [ -66.278252080541534, 52.636151830661916 ], [ -66.284806041243499, 52.628179357751726 ], [ -66.274392157262696, 52.626957314619332 ], [ -66.289055428128506, 52.602567786860185 ], [ -66.31624284259513, 52.609206207860041 ], [ -66.332793890413626, 52.634706258006496 ], [ -66.34777060953158, 52.639206803483596 ], [ -66.348379833378516, 52.651206790322 ], [ -66.387855548380799, 52.681790857672326 ], [ -66.405492422484087, 52.672207284735492 ], [ -66.406356260229742, 52.660651898953645 ], [ -66.419725914431041, 52.65134717287463 ], [ -66.416010841559, 52.642208981378054 ], [ -66.440904481655949, 52.637653920691953 ], [ -66.422824262477363, 52.598212378735752 ], [ -66.380111984951213, 52.565987643867757 ], [ -66.383670652817116, 52.55837672997329 ], [ -66.371716680404859, 52.53106977061762 ], [ -66.400963162553595, 52.531961435439008 ], [ -66.364877903377746, 52.508179912874134 ], [ -66.354370044623195, 52.469929008094788 ], [ -66.362404620151281, 52.467041139744637 ], [ -66.391178028825962, 52.488682702438773 ], [ -66.393708391942027, 52.475100245463395 ], [ -66.355983284980653, 52.43237394026908 ], [ -66.373303971184896, 52.415571426112805 ], [ -66.341304686101793, 52.396649126116529 ], [ -66.339887218394509, 52.366592980354788 ], [ -66.361989697390499, 52.350429846066923 ], [ -66.390458134418992, 52.38060158892926 ], [ -66.398270516765507, 52.369408347285223 ], [ -66.41169850535303, 52.375021801178626 ], [ -66.415729712054969, 52.386355889337018 ], [ -66.445564455175003, 52.375578218623943 ], [ -66.437203308374464, 52.354077868019061 ], [ -66.450926080496117, 52.356355753968892 ], [ -66.447287202493115, 52.347439009269571 ], [ -66.484010683716662, 52.358800454262429 ], [ -66.491122162644118, 52.354939260142721 ], [ -66.482260963591742, 52.342050217033041 ], [ -66.492566944403151, 52.340772442353504 ], [ -66.480371181497517, 52.329161427925662 ], [ -66.487702211928479, 52.31777316125202 ], [ -66.451501153912304, 52.294385284345587 ], [ -66.47155599445388, 52.287524607270988 ], [ -66.443748371436271, 52.283552378781209 ], [ -66.432077346660805, 52.265803240714334 ], [ -66.450300166508157, 52.2656644763969 ], [ -66.470159416117497, 52.253831818376206 ], [ -66.45479696648691, 52.248720731112115 ], [ -66.431936293066912, 52.220634612509301 ], [ -66.403793912974251, 52.229078794566846 ], [ -66.403489336243751, 52.214021680382224 ], [ -66.38637503212945, 52.213104239699071 ], [ -66.359373801460038, 52.17926756396961 ], [ -66.360069670915422, 52.166266765815372 ], [ -66.381100528904625, 52.162183344336803 ], [ -66.372960668739594, 52.149266567117365 ], [ -66.331593612403253, 52.14976636019292 ], [ -66.335399855685225, 52.143627473792755 ], [ -66.320924454006885, 52.13057082364076 ], [ -66.309004573752446, 52.140847706789749 ], [ -66.269689246477341, 52.148650282562059 ], [ -66.273079102785019, 52.179652297782361 ], [ -66.295943467378478, 52.212072827672799 ], [ -66.290359239526069, 52.217184154057371 ], [ -66.305636432388113, 52.249464623374202 ], [ -66.299522047065409, 52.257352450171993 ], [ -66.314564458061909, 52.291264144060001 ], [ -66.284621122182998, 52.285431495731594 ], [ -66.295895008606777, 52.296402179383065 ], [ -66.28428060120207, 52.303067833959801 ], [ -66.292222199012684, 52.310816688495123 ], [ -66.256387709227283, 52.310149910189921 ], [ -66.242201689049168, 52.290569494420858 ], [ -66.249036718459848, 52.2847647916212 ], [ -66.242958230468048, 52.273433131547115 ], [ -66.2021042557474, 52.247130377609089 ], [ -66.199268994094638, 52.22418295773705 ], [ -66.174655884772704, 52.21393113160827 ], [ -66.165657115360105, 52.234350518897038 ], [ -66.151124082421688, 52.23337626236529 ], [ -66.136397018548891, 52.227790444655881 ], [ -66.122616894249461, 52.208898776103275 ], [ -66.097612810973814, 52.200563215081495 ], [ -66.070008847640977, 52.149201503285418 ], [ -66.07287032520729, 52.123895748473281 ], [ -66.091648934559274, 52.107645714400135 ], [ -66.094343763736234, 52.088951120604712 ], [ -66.069925915113288, 52.100145526607655 ], [ -66.04948076741222, 52.088006384642199 ], [ -66.022063102276519, 52.086367336052611 ], [ -66.009590236512778, 52.07978385576353 ], [ -66.011951173187995, 52.069867038179815 ], [ -65.998451263981536, 52.071311519271617 ], [ -65.989922425241488, 52.056616733138043 ], [ -65.978281897027713, 52.053116548907752 ], [ -65.962837741272352, 52.075950208099961 ], [ -65.977450287183657, 52.087728327281056 ], [ -65.968588659133147, 52.097478438568963 ], [ -65.972088648417611, 52.108895177380319 ], [ -65.916614416267564, 52.0940614713681 ], [ -65.898084398552385, 52.07753301367255 ], [ -65.887641127291531, 52.088727641549738 ], [ -65.896835836603415, 52.098616794549926 ], [ -65.871556557558151, 52.12031102302916 ], [ -65.836221816399956, 52.120310396449256 ], [ -65.818276886133631, 52.112643546256699 ], [ -65.802692915265879, 52.124976973845037 ], [ -65.799359658014836, 52.109449011213684 ], [ -65.778303290191033, 52.103059964581043 ], [ -65.773525432715402, 52.114671153872862 ], [ -65.74935807987967, 52.110948850618101 ], [ -65.732941743338458, 52.083115737857099 ], [ -65.716969772167829, 52.099644065523272 ], [ -65.687081366959958, 52.104228284472036 ], [ -65.666080704970383, 52.121728327593374 ], [ -65.661441805160692, 52.10008979257934 ], [ -65.639266772600791, 52.083532996944093 ], [ -65.648715439574232, 52.079561553574912 ], [ -65.649883578054698, 52.06708937164607 ], [ -65.640131167884448, 52.060283306855951 ], [ -65.66280523219821, 52.042506601424279 ], [ -65.676528157993573, 52.04167321343305 ], [ -65.661305317417501, 52.032395409261085 ], [ -65.674362158791951, 52.012645307983377 ], [ -65.663389848392399, 51.997339553248288 ], [ -65.647167117821184, 51.990950497651163 ], [ -65.634222015225362, 51.997339378894857 ], [ -65.643027206045801, 52.005811668526974 ], [ -65.6228271536297, 52.026755363756152 ], [ -65.630048562568248, 52.03814430944584 ], [ -65.621046325984381, 52.040282767392249 ], [ -65.620989008109532, 52.048088123183724 ], [ -65.578789791993003, 52.03467043083775 ], [ -65.538564311650831, 52.045391905295311 ], [ -65.547174947660778, 52.050836376095702 ], [ -65.533759724805918, 52.057975500202751 ], [ -65.539647911173432, 52.067364348785077 ], [ -65.517962395422671, 52.093171545379462 ], [ -65.502967152170967, 52.097061207511061 ], [ -65.507799452066308, 52.110366753952093 ], [ -65.49749557247587, 52.126089543935933 ], [ -65.479828144590897, 52.133395032264694 ], [ -65.479466710057778, 52.158367519858963 ], [ -65.453965610063008, 52.161311935416649 ], [ -65.453715594875121, 52.170256430556314 ], [ -65.485022360984559, 52.175756643410679 ], [ -65.469910635867791, 52.191534433575356 ], [ -65.412712505153763, 52.203533990770865 ], [ -65.382365510402337, 52.220226699496301 ], [ -65.35115702794954, 52.22094691941583 ], [ -65.34921162465568, 52.228057986030301 ], [ -65.332037251816942, 52.230751451396671 ], [ -65.34440369503163, 52.240141178510257 ], [ -65.305536035420857, 52.241279174010366 ], [ -65.298285626454032, 52.251501519321138 ], [ -65.277340293383475, 52.255445853896383 ], [ -65.267534032346447, 52.279001637190994 ], [ -65.249533252892391, 52.281557153521909 ], [ -65.234451814035637, 52.275974631733931 ], [ -65.243367135305633, 52.2614181727945 ], [ -65.227312306297137, 52.263640868084245 ], [ -65.216005793228661, 52.256168291066786 ], [ -65.199562945699256, 52.261808075652965 ], [ -65.213143762125711, 52.222472900232006 ], [ -65.208310659193884, 52.201055931759221 ], [ -65.182920626815957, 52.206639270725766 ], [ -65.170253561270144, 52.195305718982006 ], [ -65.1822819088827, 52.188777916922291 ], [ -65.169698614616465, 52.156471913543577 ], [ -65.14208650073239, 52.147110573994759 ], [ -65.136058631362047, 52.135527000089731 ], [ -65.158698527070158, 52.134332678988017 ], [ -65.14661508200156, 52.10458230493817 ], [ -65.127253173851045, 52.104359909358521 ], [ -65.1098078595316, 52.118971169828804 ], [ -65.096445745658158, 52.152693657145299 ], [ -65.100640093881808, 52.167638340819863 ], [ -65.0870008092555, 52.166804947970455 ], [ -65.084250778681806, 52.156165869793888 ], [ -65.059527804299677, 52.137748859677011 ], [ -65.023693059912489, 52.139248700281968 ], [ -64.984251587111928, 52.112474727408376 ], [ -64.956702300476607, 52.105815663341517 ], [ -64.931707362899246, 52.066626581918172 ], [ -64.904683065700226, 52.055297626566954 ], [ -64.906127543923773, 52.045297376884591 ], [ -64.8454046118581, 52.03877058788715 ], [ -64.825430321502324, 52.028380047268953 ], [ -64.830125300564433, 52.019463575335784 ], [ -64.806006834800115, 52.004456250760626 ], [ -64.823289200059861, 51.984599059112661 ], [ -64.841986781286906, 51.976379187647353 ], [ -64.810730413041327, 51.957206387920124 ], [ -64.813092400820508, 51.9484014203085 ], [ -64.773386892312104, 51.918473518873846 ], [ -64.777110403296732, 51.911558472524348 ], [ -64.704187069472766, 51.878668860101293 ], [ -64.727466721098935, 51.867893387108197 ], [ -64.730773973527008, 51.849536035217007 ], [ -64.75280356173657, 51.845314873794919 ], [ -64.741248465273301, 51.824511268114811 ], [ -64.7741694202996, 51.804732685288428 ], [ -64.767418846151614, 51.794482359277431 ], [ -64.781837005263966, 51.790148896123405 ], [ -64.780114596112313, 51.780176277275451 ], [ -64.763974341079404, 51.78023178003987 ], [ -64.767002754668496, 51.767564634519481 ], [ -64.759752530691401, 51.759425389306365 ], [ -64.738000871749549, 51.765453563157848 ], [ -64.726944878224884, 51.757370186373556 ], [ -64.696887276297844, 51.754648498681981 ], [ -64.710138257586237, 51.746175768617668 ], [ -64.698998354276327, 51.736064474673199 ], [ -64.706970996052206, 51.731258658044986 ], [ -64.69119218649783, 51.728397680776375 ], [ -64.697164552509406, 51.721397303884089 ], [ -64.680635769235977, 51.71964743620061 ], [ -64.68644147887575, 51.708174705040342 ], [ -64.674468598460336, 51.71270273112664 ], [ -64.67349615469098, 51.70114665339343 ], [ -64.632605548281717, 51.706230096691129 ], [ -64.640911359173515, 51.694285106754101 ], [ -64.630383135974469, 51.686284697279746 ], [ -64.63082745796973, 51.675923043472224 ], [ -64.615160146870693, 51.673395087581355 ], [ -64.607714991602137, 51.651392664573081 ], [ -64.62371572369527, 51.647531758696822 ], [ -64.616076328198687, 51.641614043226305 ], [ -64.620965348864914, 51.632974535455688 ], [ -64.604964372270828, 51.628917178472683 ], [ -64.600742040063565, 51.637695950394892 ], [ -64.550292233138464, 51.577022989326153 ], [ -64.54609734666883, 51.589219236874982 ], [ -64.520567461104775, 51.604307581496172 ], [ -64.449563262004148, 51.629615826612678 ], [ -64.433784614827772, 51.653393827801679 ], [ -64.437895682740233, 51.663366166808537 ], [ -64.426867767639791, 51.681919102826839 ], [ -64.387728166133442, 51.664249918479477 ], [ -64.360061295204545, 51.673189845240685 ], [ -64.34020033529373, 51.665602337586726 ], [ -64.325365377633844, 51.682578086475857 ], [ -64.327114348372035, 51.702693434822109 ], [ -64.298029029054689, 51.702447039205325 ], [ -64.313974124367022, 51.711613368513468 ], [ -64.297889718168534, 51.713615287476152 ], [ -64.300250441871327, 51.723811078428163 ], [ -64.278554334146193, 51.737424850186244 ], [ -64.27824854695875, 51.747425789636445 ], [ -64.29716607343039, 51.745147623108309 ], [ -64.307555062061951, 51.755926311044149 ], [ -64.310526893703098, 51.790537778431634 ], [ -64.296942926893109, 51.798454456624825 ], [ -64.337388932665306, 51.818537120891065 ], [ -64.342639413085834, 51.841590044869911 ], [ -64.357557524826547, 51.848141631118871 ], [ -64.36108586116282, 51.864999803699163 ], [ -64.353669328296007, 51.890330079516076 ], [ -64.345502201391341, 51.890774995291039 ], [ -64.345308210457134, 51.9060221649368 ], [ -64.363059043650992, 51.930770504166759 ], [ -64.343113764390679, 51.934881523654028 ], [ -64.354836252808255, 51.945048374560301 ], [ -64.34655810368622, 51.949631732977643 ], [ -64.352308298252581, 51.956826252459386 ], [ -64.344502220039629, 51.965604091740289 ], [ -64.363975031025291, 51.980965483605353 ], [ -64.341279623244716, 51.986687616382561 ], [ -64.365863639954341, 52.00621580891054 ], [ -64.318278013038608, 52.007021360285783 ], [ -64.313333969188733, 51.991965373099248 ], [ -64.277916195981334, 51.97315935164788 ], [ -64.234159576032084, 51.975440368417971 ], [ -64.232214301818487, 51.982829750634082 ], [ -64.283378681161068, 52.04055464542509 ], [ -64.27431952056854, 52.046167769816122 ], [ -64.285264978249089, 52.053611936199346 ], [ -64.28870547765176, 52.076725676214437 ], [ -64.29620731900809, 52.082113530228298 ], [ -64.266001901744758, 52.077258306067257 ], [ -64.250938302163505, 52.082790662167227 ], [ -64.259385837188319, 52.097927879263452 ], [ -64.251688165599774, 52.102901947037104 ], [ -64.259691443012287, 52.110011323227475 ], [ -64.257495861783838, 52.126512034403142 ], [ -64.243019732813252, 52.129597278273906 ], [ -64.254077397832788, 52.149235244696719 ], [ -64.165822521708378, 52.120346751810658 ], [ -64.17535039297789, 52.134069166418193 ], [ -64.163794223778481, 52.148152573133189 ], [ -64.199437179627139, 52.174956753673008 ], [ -64.218790866624119, 52.228056015079311 ], [ -64.233039172419652, 52.221918608880721 ], [ -64.222071724098043, 52.23627641796886 ], [ -64.232714364631647, 52.245302213210572 ], [ -64.224576824330683, 52.257440095308695 ], [ -64.239105051071036, 52.25955136078322 ], [ -64.254408900553926, 52.277469686206459 ], [ -64.237049122314147, 52.281773801922689 ], [ -64.239882488024989, 52.288190568844961 ], [ -64.230465307812111, 52.29310719232879 ], [ -64.219992820559227, 52.28369035033694 ], [ -64.208575761090245, 52.284995897555305 ], [ -64.213047962362651, 52.29741276798655 ], [ -64.230298488290416, 52.303968422348859 ], [ -64.222520358769117, 52.315357469178025 ], [ -64.208214134093652, 52.31471847954603 ], [ -64.190547119038015, 52.292412557039867 ], [ -64.190213505738825, 52.309051666630843 ], [ -64.166351554242624, 52.309857059404486 ], [ -64.172101519163391, 52.326857245123669 ], [ -64.190490768945622, 52.334302092369327 ], [ -64.160125234659446, 52.335831414988959 ], [ -64.167252574211929, 52.368004694238486 ], [ -64.1538066228361, 52.362227400407164 ], [ -64.134187517484492, 52.367842267590909 ], [ -64.126068537423819, 52.390401943115926 ], [ -64.11467742713036, 52.391875118570248 ], [ -64.121370137971908, 52.404681837889768 ], [ -64.106645914818671, 52.409127073634544 ], [ -64.136923185809863, 52.430628136481936 ], [ -64.129005944732683, 52.440628290005662 ], [ -64.138895223832009, 52.441767342007388 ], [ -64.148810321193906, 52.494824142316574 ], [ -64.158949480425179, 52.500074302087157 ], [ -64.149171044697454, 52.517602307753592 ], [ -64.175426222773908, 52.531322394964683 ], [ -64.164449197401154, 52.536435953160122 ], [ -64.168867368981239, 52.541824162269229 ], [ -64.232481376105213, 52.58317033050141 ], [ -64.198381268039157, 52.578345201469538 ], [ -64.20919353312884, 52.590536327327172 ], [ -64.19910730847522, 52.597148765652165 ], [ -64.174592210360544, 52.584600821213847 ], [ -64.169596528438873, 52.600848328529018 ], [ -64.158624905229431, 52.606319918866504 ], [ -64.176247049304024, 52.624314537394199 ], [ -64.161023232040591, 52.627481698679034 ], [ -64.15139121193522, 52.644116532159252 ], [ -64.156618676098148, 52.655530578927369 ], [ -64.170008580280438, 52.656169239571383 ], [ -64.175846379246536, 52.672194756395861 ], [ -64.13915041386376, 52.678805811479585 ], [ -64.141594975536151, 52.683305871865088 ], [ -64.12567761647324, 52.685583571770991 ], [ -64.124038528050818, 52.695278150247354 ], [ -64.150372524370866, 52.71677852601573 ], [ -64.141344344931923, 52.721472993470229 ], [ -64.148761097669819, 52.730028714365801 ], [ -64.080480526781542, 52.740611791926128 ], [ -64.054174175284871, 52.724111380562896 ], [ -64.035534526361374, 52.728555834991425 ], [ -64.041867932482944, 52.737167035901017 ], [ -64.033478673186778, 52.741194845685087 ], [ -64.008977757873936, 52.740472504524156 ], [ -63.987782709265304, 52.725638858469075 ], [ -63.937669532018859, 52.730471921521712 ], [ -63.919585423067225, 52.736999690331906 ], [ -63.929363511959856, 52.745694306391876 ], [ -63.919863004793015, 52.748388699818406 ], [ -63.925168731457354, 52.756638834894055 ], [ -63.888889597913192, 52.750694149187467 ], [ -63.901667668260622, 52.763722117324903 ], [ -63.885250415307262, 52.763805343950011 ], [ -63.87405534470966, 52.776083210943426 ], [ -63.853637800892535, 52.775360900344126 ], [ -63.824025770235124, 52.759888256134573 ], [ -63.78049619885897, 52.768193693026824 ], [ -63.775662658832054, 52.77508268316906 ], [ -63.751356179389703, 52.768610235047298 ], [ -63.722771644806386, 52.773221230004275 ], [ -63.736938795606548, 52.783304715294932 ], [ -63.717771289116548, 52.786971368133983 ], [ -63.719854454335099, 52.802054845461527 ], [ -63.696770178025602, 52.804499250411908 ], [ -63.700520202492548, 52.814693833445894 ], [ -63.68821416735463, 52.814416000034214 ], [ -63.685769703347802, 52.807276938582376 ], [ -63.660351475009882, 52.809693382636631 ], [ -63.637572889251359, 52.833138099960195 ], [ -63.682102271005427, 52.850583069109888 ], [ -63.670379399134681, 52.855499704694928 ], [ -63.613904255982391, 52.839165636890975 ], [ -63.60942887592374, 52.853804209613934 ], [ -63.626207545842533, 52.859832225557852 ], [ -63.617677896253625, 52.86477647751537 ], [ -63.626066936510661, 52.872387684447681 ], [ -63.6181747705633, 52.884220676482627 ], [ -63.600226412883934, 52.885414460965244 ], [ -63.608169209111807, 52.901219924829071 ], [ -63.603386787246812, 52.918330545071122 ], [ -63.566657256244376, 52.932329560952979 ], [ -63.574490816168606, 52.938329631445647 ], [ -63.568073913810601, 52.94466305229782 ], [ -63.548739882178225, 52.939273948452779 ], [ -63.511960374529011, 52.956357289354763 ], [ -63.446846855357869, 52.944884526114151 ], [ -63.451708536310655, 52.925023195768041 ], [ -63.46798704250358, 52.920828816296577 ], [ -63.48098792505602, 52.904523029610374 ], [ -63.470682424318113, 52.904578606508757 ], [ -63.460879350166394, 52.881550847976619 ], [ -63.447684940813375, 52.890134395200441 ], [ -63.434826394134028, 52.881551375784269 ], [ -63.42635294252775, 52.890551385390587 ], [ -63.396746052022188, 52.886940994794244 ], [ -63.401776758199617, 52.871913473089606 ], [ -63.381529483691274, 52.866052822771081 ], [ -63.393280782184988, 52.856913998163371 ], [ -63.36667163756681, 52.8489419788948 ], [ -63.388451402858642, 52.837469894677845 ], [ -63.368173733392233, 52.830914273531377 ], [ -63.355339462444817, 52.836997591556056 ], [ -63.330866863185634, 52.817608346228148 ], [ -63.318060835535753, 52.821913883506348 ], [ -63.314477573401589, 52.804496974648004 ], [ -63.298532601306697, 52.79855230457872 ], [ -63.288893585788443, 52.780718744310995 ], [ -63.296449684699148, 52.770274207529496 ], [ -63.317922548831724, 52.775968859696647 ], [ -63.315811510523723, 52.769246568246359 ], [ -63.242781630443673, 52.720439918945964 ], [ -63.220586367360681, 52.722912038451717 ], [ -63.189584617698443, 52.759023394205379 ], [ -63.172638840012375, 52.798996033710011 ], [ -63.154999314728364, 52.796523691099353 ], [ -63.164943922665266, 52.811579465120111 ], [ -63.154721183253031, 52.817440649132067 ], [ -63.114081119792509, 52.792384461562733 ], [ -63.065045525968017, 52.793828120309975 ], [ -63.052013137463867, 52.77488288903568 ], [ -63.019167222178588, 52.780742772807443 ], [ -63.005051003498259, 52.768630971979007 ], [ -62.965325297485506, 52.758630405823801 ], [ -62.937407489610415, 52.764852506554803 ], [ -62.933157309586747, 52.770352541828345 ], [ -62.940935072736828, 52.788075072621304 ], [ -62.933629070020167, 52.794964022274122 ], [ -62.895245823781821, 52.786797644180368 ], [ -62.873030235890255, 52.797742883356186 ], [ -62.8042636548346, 52.800077137994485 ], [ -62.783262920534249, 52.789132481893013 ], [ -62.754428363274869, 52.797187992388622 ], [ -62.736816877381635, 52.78468766187617 ], [ -62.66700878953683, 52.775742722796245 ], [ -62.675508951672548, 52.787353971408578 ], [ -62.694731803019977, 52.793520855892922 ], [ -62.675786572653443, 52.79677080900737 ], [ -62.695231633071003, 52.805576591869382 ], [ -62.69448135649484, 52.813271105632616 ], [ -62.636951750870807, 52.796353861188472 ], [ -62.599338989683226, 52.805909303680586 ], [ -62.620395167082009, 52.814020680700089 ], [ -62.604505648628646, 52.822548444919605 ], [ -62.630478742609803, 52.822993068379539 ], [ -62.632812002761632, 52.834215401683771 ], [ -62.660479822101848, 52.83407675394151 ], [ -62.656396179733491, 52.842160124219603 ], [ -62.663646345479059, 52.844826863088272 ], [ -62.654534764852968, 52.853632485548545 ], [ -62.704171373365845, 52.863688133195986 ], [ -62.706170144503361, 52.871410374628738 ], [ -62.668089838424208, 52.886910692814006 ], [ -62.700529875370805, 52.884827109795538 ], [ -62.707638454282531, 52.895077116943291 ], [ -62.720830160017471, 52.897243674538849 ], [ -62.702748381986034, 52.909327217833322 ], [ -62.725714330175926, 52.91457687049656 ], [ -62.722214627021756, 52.923465888416565 ], [ -62.697859382070732, 52.931438589408216 ], [ -62.7001364706177, 52.937355274844265 ], [ -62.641087019598885, 52.935438965359083 ], [ -62.634726073190635, 52.928133334719362 ], [ -62.604252569755246, 52.923855263070642 ], [ -62.585725919640062, 52.894660330315325 ], [ -62.558469418335307, 52.905799224352471 ], [ -62.557301803422945, 52.913021560495004 ], [ -62.528543493242701, 52.915493692366404 ], [ -62.522267429348794, 52.897410034125869 ], [ -62.502489433120367, 52.880326445648663 ], [ -62.465320022602569, 52.883687346214757 ], [ -62.463317033568607, 52.894687461694559 ], [ -62.444157469064329, 52.865381376372198 ], [ -62.456273586447082, 52.84829790810803 ], [ -62.475025463790672, 52.843714644605917 ], [ -62.478195068932216, 52.833270006894537 ], [ -62.508306741324404, 52.835575771744573 ], [ -62.501946182507744, 52.816853308710542 ], [ -62.4688062927193, 52.800880714687779 ], [ -62.485890504211604, 52.78896400028178 ], [ -62.436416802907033, 52.768296775284433 ], [ -62.372219985709279, 52.757962905346822 ], [ -62.370720120835678, 52.745879417223733 ], [ -62.315218225809048, 52.734545622658764 ], [ -62.3100234548278, 52.738712262743235 ], [ -62.321051578482461, 52.744712433534659 ], [ -62.317245864269083, 52.750073614425972 ], [ -62.272355192373006, 52.754295580240672 ], [ -62.239104126548874, 52.738628536561862 ], [ -62.177185155322782, 52.73607250672292 ], [ -62.178268207705699, 52.753933857234848 ], [ -62.159517201935373, 52.762989373441755 ], [ -62.158849867084612, 52.779378437977357 ], [ -62.135458161600475, 52.777350436318628 ], [ -62.075985067014891, 52.749933078806031 ], [ -62.022358944676299, 52.739654169076182 ], [ -61.938295221148728, 52.698541718265261 ], [ -61.907682916146712, 52.695763687310503 ], [ -61.909072270750237, 52.670568914702535 ], [ -61.863184228687189, 52.650373765665002 ], [ -61.861270774976248, 52.632790338812576 ], [ -61.744594202955042, 52.609344021121757 ], [ -61.713592952010821, 52.588371124502928 ], [ -61.714815548444143, 52.574009853828862 ], [ -61.664007418541921, 52.573314968769679 ], [ -61.634895437038132, 52.560036696537182 ], [ -61.610838606038399, 52.563286430725135 ], [ -61.5938102543127, 52.553730543915428 ], [ -61.559949869390294, 52.554897257408399 ], [ -61.462378986078477, 52.532537196400177 ], [ -61.44243833784973, 52.508398464596034 ], [ -61.468273594532597, 52.496565302515137 ], [ -61.456217780433015, 52.484481702873644 ], [ -61.468440601412219, 52.477203901687083 ], [ -61.453217968164751, 52.471148183288754 ], [ -61.414799530835694, 52.491425980644131 ], [ -61.345935779830029, 52.495397773421161 ], [ -61.331073480753631, 52.508175603896284 ], [ -61.317458733723633, 52.493119109943308 ], [ -61.305815869340542, 52.499312836179463 ], [ -61.311317423593351, 52.503063234768646 ], [ -61.30542667844999, 52.509979552357933 ], [ -61.29328384253342, 52.513534459941042 ], [ -61.21576896848039, 52.508003741615966 ], [ -61.144218162603906, 52.47505962576205 ], [ -61.136222538752115, 52.458949228470331 ], [ -61.122444982109734, 52.456643605243706 ], [ -61.1147256337104, 52.445505160299454 ], [ -61.056918646624112, 52.443421436490588 ], [ -61.033895443733471, 52.424561112464339 ], [ -61.037147130188721, 52.418922605152176 ], [ -61.018591682214634, 52.410978072392432 ], [ -61.022564236245408, 52.404005781488429 ], [ -61.003758194849894, 52.38589434897407 ], [ -60.905893955089347, 52.357782282407797 ], [ -60.84766976356557, 52.353504120566726 ], [ -60.847697633472762, 52.344531770295724 ], [ -60.794639985994273, 52.352975954983229 ], [ -60.779056177089473, 52.346309141485072 ], [ -60.763388912261739, 52.349836798609246 ], [ -60.742999305001781, 52.342531074821082 ], [ -60.730027000967652, 52.32794743883963 ], [ -60.706803854597389, 52.327252814843689 ], [ -60.680192080532535, 52.309696971688446 ], [ -60.653774513541002, 52.303668891837745 ], [ -60.626162307669553, 52.313946643530024 ], [ -60.563104213047858, 52.319585106506004 ], [ -60.581132573512477, 52.329807628487785 ], [ -60.561326233334142, 52.333724137205813 ], [ -60.558575990491839, 52.341696495099569 ], [ -60.587771225003756, 52.354919035217073 ], [ -60.604271383710476, 52.382447257775958 ], [ -60.604076676059456, 52.397752967430229 ], [ -60.564741545037826, 52.414141708989774 ], [ -60.574241676383814, 52.427725313693927 ], [ -60.548185165334793, 52.427975122339603 ], [ -60.567491268159571, 52.436086477919005 ], [ -60.524961832716308, 52.438363983131481 ], [ -60.517378039150188, 52.454503008259323 ], [ -60.367205796968122, 52.453418615478228 ], [ -60.346316318125218, 52.446473954432598 ], [ -60.22687981810958, 52.452528338591748 ], [ -60.211350704905811, 52.47283404472121 ], [ -60.14035556123347, 52.480055586357565 ], [ -60.135012617650403, 52.489472625241802 ], [ -60.086861563984229, 52.507028373652908 ], [ -60.090084682635009, 52.513361877516232 ], [ -60.080944170143184, 52.518000711674077 ], [ -59.967359407571493, 52.496194030082698 ], [ -59.960229335691665, 52.479165713451117 ], [ -59.982093243629805, 52.483388120301321 ], [ -60.000748764666639, 52.470776467590817 ], [ -59.982341394139375, 52.451359094204562 ], [ -59.914495272391775, 52.432193014789895 ], [ -59.843547901160079, 52.447720517421025 ], [ -59.828213764492702, 52.459248331034935 ], [ -59.834880628139665, 52.467887310844951 ], [ -59.882326586749492, 52.475109942882433 ], [ -59.894854379409878, 52.499804736144917 ], [ -59.918994085141364, 52.503138309099242 ], [ -59.95713390097157, 52.531222233092066 ], [ -59.988412704107432, 52.539778067227807 ], [ -60.006801955159119, 52.552000550433931 ], [ -60.015829616477248, 52.570611953517947 ], [ -59.997440105274286, 52.576000723952824 ], [ -59.938216118439691, 52.55100011846482 ], [ -59.913576208680851, 52.555916645839872 ], [ -59.90415895951876, 52.568499986827952 ], [ -59.861852161094099, 52.554166229379213 ], [ -59.815544755638783, 52.562943784890656 ], [ -59.807377648459848, 52.568749368846824 ], [ -59.809988641296151, 52.582110639245997 ], [ -59.845572995081966, 52.597361080931535 ], [ -59.84246149724008, 52.608638922036832 ], [ -59.905658084118429, 52.620195077815751 ], [ -59.886990456613653, 52.633639528345874 ], [ -59.850128164909087, 52.627750345999935 ], [ -59.839738630309043, 52.64372265700905 ], [ -59.848377563431058, 52.653750628556985 ], [ -59.798653067085581, 52.678389429009783 ], [ -59.70970541200623, 52.676277605112439 ], [ -59.69659393745092, 52.667999698850046 ], [ -59.691649669589872, 52.65222170733913 ], [ -59.650620589678219, 52.642915776925527 ], [ -59.652565302107966, 52.62724890443107 ], [ -59.58789664771362, 52.610359399733781 ], [ -59.598258560154953, 52.591942562272244 ], [ -59.55761843149115, 52.57691436093242 ], [ -59.5702580441991, 52.565358700467954 ], [ -59.539479194545663, 52.556969506453775 ], [ -59.511533516820904, 52.572358378511552 ], [ -59.520366669443071, 52.600581012182403 ], [ -59.498948782385078, 52.621692220979284 ], [ -59.419390237348416, 52.626524962882428 ], [ -59.414112261182652, 52.622108222179072 ], [ -59.424196200578962, 52.612497081480271 ], [ -59.384667075861429, 52.606218975800076 ], [ -59.309302717785229, 52.630190931547688 ], [ -59.308080832525988, 52.611440647597163 ], [ -59.288330095702037, 52.612940561610216 ], [ -59.288608196810401, 52.598940412135384 ], [ -59.244690541404182, 52.56863415326535 ], [ -59.248857498506375, 52.56280080871484 ], [ -59.242496209206749, 52.554661793943666 ], [ -59.175688473908416, 52.54671677523487 ], [ -59.141465558378741, 52.516799530510191 ], [ -59.122214614369518, 52.529243982705239 ], [ -59.098074843476475, 52.531466026163507 ], [ -59.087879799300588, 52.542021581077741 ], [ -59.049850642307895, 52.540965751531779 ], [ -59.021072010053103, 52.529437648741343 ], [ -59.025711306140046, 52.520132001760821 ], [ -58.988710506556316, 52.496575971188626 ], [ -58.921041743945473, 52.473214035970628 ], [ -58.897985286565707, 52.4806305914693 ], [ -58.881929433819842, 52.466213674831302 ], [ -58.859817467922326, 52.464713493544394 ], [ -58.837594172608249, 52.480102371420053 ], [ -58.845399591334889, 52.50457495790176 ], [ -58.83187131546488, 52.504991504632763 ], [ -58.807562886487389, 52.501631042904101 ], [ -58.810507990471343, 52.49263078523483 ], [ -58.785672889063264, 52.479325363795581 ], [ -58.744612996082658, 52.485381872320289 ], [ -58.710194816013299, 52.470576151700051 ], [ -58.674969802856531, 52.47579872569073 ], [ -58.650467639343823, 52.457660219534453 ], [ -58.622160427859967, 52.474076968446859 ], [ -58.638800764443801, 52.487687847864464 ], [ -58.655024130874921, 52.485548806090215 ], [ -58.667497619856384, 52.494965286775887 ], [ -58.653329877912078, 52.506659887475806 ], [ -58.685858821098407, 52.528798957377433 ], [ -58.68727534293032, 52.537437985016652 ], [ -58.675830453354713, 52.543576885757297 ], [ -58.678857995874004, 52.55999372871112 ], [ -58.650912104084412, 52.574104847387908 ], [ -58.62616112414505, 52.559104714145292 ], [ -58.5960485916412, 52.562410137811099 ], [ -58.56802101264654, 52.578020519724689 ], [ -58.521522647730556, 52.575713243796756 ], [ -58.551908718317797, 52.594852304967212 ], [ -58.530906888301715, 52.60732266278508 ], [ -58.559737207528954, 52.618684461836359 ], [ -58.572730980753562, 52.650877583957907 ], [ -58.53495516350376, 52.642209267537552 ], [ -58.517979594617508, 52.658901422568128 ], [ -58.49889788244495, 52.651539700257956 ], [ -58.492257296148168, 52.657955816160715 ], [ -58.447978698423569, 52.654122461152063 ], [ -58.433586809057438, 52.665315813782748 ], [ -58.447059917517571, 52.67895524196863 ], [ -58.438587403479609, 52.68648316281319 ], [ -58.455617308772204, 52.696400861329892 ], [ -58.419335457430982, 52.71573302055512 ], [ -58.326416586143836, 52.690593463505508 ], [ -58.309142224180938, 52.672233679158701 ], [ -58.218707699378129, 52.628265939506974 ], [ -58.255875117829561, 52.623043581498983 ], [ -58.257014436999128, 52.611182458254376 ], [ -58.234541960053299, 52.613043594695007 ], [ -58.173929016941166, 52.596820775474015 ], [ -58.178290458875978, 52.591209652199524 ], [ -58.162123281939813, 52.58382048931324 ], [ -58.168179197027506, 52.578792708523835 ], [ -58.125426822498703, 52.574597492140974 ], [ -58.132287725725675, 52.566013794528601 ], [ -58.125842447591552, 52.562457852488556 ], [ -58.104867836410307, 52.559373525560034 ], [ -58.094813608522422, 52.573541248392551 ], [ -58.083868713960015, 52.574429988578927 ], [ -58.077696006285223, 52.544371119820227 ], [ -58.082553435847849, 52.527257808484073 ], [ -58.046693709340474, 52.502369355726429 ], [ -58.063106586415778, 52.49045057036129 ], [ -58.019057080289031, 52.48153686036143 ], [ -57.999859836270261, 52.454535084813429 ], [ -57.987552140863706, 52.451478548601258 ], [ -57.974685695209196, 52.426559022536814 ], [ -57.9540181107267, 52.431725461084383 ], [ -57.94073911504578, 52.430058383105013 ], [ -57.933210248814234, 52.418446619735576 ], [ -57.896570274595511, 52.414029744838679 ], [ -57.876819017401722, 52.420862787006548 ], [ -57.860874379756595, 52.412751605713204 ], [ -57.859290667042735, 52.433835050754993 ], [ -57.868346495747254, 52.44177966739197 ], [ -57.809649912547599, 52.468501716526781 ], [ -57.825706003535828, 52.479668603567895 ], [ -57.817205608942949, 52.492363124563759 ], [ -57.848123333624663, 52.4997245617717 ], [ -57.815038527842702, 52.511641169186035 ], [ -57.800982523501595, 52.507752080724906 ], [ -57.802482796969073, 52.500890945063176 ], [ -57.787398945110994, 52.496696310030465 ], [ -57.786732258796448, 52.489418379709946 ], [ -57.731900886994772, 52.478669682359261 ], [ -57.760898184609758, 52.441973167788731 ], [ -57.786510233524261, 52.427806551327976 ], [ -57.748592328503705, 52.418500650412206 ], [ -57.750927506236863, 52.409195813904901 ], [ -57.737903609177081, 52.401391934341731 ], [ -57.743211157896873, 52.389781455232828 ], [ -57.731575079297286, 52.383366070746774 ], [ -57.73988271928458, 52.370727815770152 ], [ -57.679944803825315, 52.334563970417378 ], [ -57.676778374272899, 52.316285981705221 ], [ -57.637554819424686, 52.313841173761219 ], [ -57.612971070522114, 52.294424124308115 ], [ -57.588109217945593, 52.28886825231622 ], [ -57.574637065821449, 52.267729079843541 ], [ -57.556608744100259, 52.259339952023197 ], [ -57.564025902004246, 52.248034342543598 ], [ -57.4954409519923, 52.215394535352715 ], [ -57.493191245414344, 52.193699829498875 ], [ -57.467801598323128, 52.189616276262953 ], [ -57.466635161251403, 52.176255052547937 ], [ -57.417404499748095, 52.123499014797126 ], [ -57.420926821692575, 52.085216780936427 ], [ -57.39617485574928, 52.074632246664507 ], [ -57.409119953732528, 52.06607666398812 ], [ -57.333534228927803, 52.052075950395889 ], [ -57.326617037111525, 52.06357600083777 ], [ -57.306727350960692, 52.071187047815663 ], [ -57.310421707172203, 52.080603836218543 ], [ -57.29697617733698, 52.095909529203958 ], [ -57.278503213348955, 52.096576083014583 ], [ -57.249447312958722, 52.083770013851279 ], [ -57.223224187425672, 52.083714938143608 ], [ -57.214057865345545, 52.076882040737907 ], [ -57.213059736324688, 52.059132559027411 ], [ -57.203726992868425, 52.055272077086634 ], [ -57.166977674100998, 52.057940370655906 ], [ -57.163809344163326, 52.065356529085733 ], [ -57.121944931905489, 52.066466414782937 ], [ -57.11944364732171, 52.077299277930685 ], [ -57.076274647894842, 52.103354608068379 ], [ -57.060941119672293, 52.088632081106638 ], [ -57.027830551999287, 52.101632905210266 ], [ -56.987412253017155, 52.075965337354845 ], [ -56.993164246048217, 52.067299376775807 ], [ -56.980665407604441, 52.060049949835225 ], [ -56.989222878430276, 52.051883955929142 ], [ -56.980894021478157, 52.028996851988978 ], [ -56.940009945964761, 51.993137636418794 ], [ -56.935204621501896, 51.973276303386932 ], [ -56.944871699300016, 51.96877634404175 ], [ -56.971066765702894, 51.979832237460656 ], [ -56.984261842720265, 51.975860046510498 ], [ -57.011149106595838, 51.993414988090734 ], [ -57.043979300790831, 51.981857450263206 ], [ -57.035759919159943, 51.963552970037888 ], [ -57.062317867732126, 51.938053391540095 ], [ -57.050903799314888, 51.920693274470111 ], [ -57.081127612159342, 51.915610391011143 ], [ -57.06193306812618, 51.891859993028447 ], [ -57.05698894083389, 51.870415245903445 ], [ -57.063989351106819, 51.85735968613568 ], [ -57.080129028092465, 51.851748631469718 ], [ -57.079212831136765, 51.8252761770744 ], [ -57.088685775886439, 51.811165048456068 ], [ -57.107497637270114, 51.805965251196326 ], [ -57.107482149375286, 51.202493466432479 ], [ -57.736140876339022, 50.998608163075957 ], [ -58.189774665323263, 50.57416427613164 ], [ -58.940366356422253, 49.848609871399468 ], [ -60.476818505938738, 48.781392231744661 ], [ -60.468597285879184, 48.666669513698359 ], [ -62.999128675129136, 48.666681681992998 ], [ -62.999128366945754, 48.701792957693037 ], [ -63.248858693790403, 48.79865575286648 ], [ -63.526312094828349, 48.929185500217535 ], [ -63.789876085012629, 49.08018754705418 ], [ -64.163776724682762, 49.319940792480132 ], [ -64.339032499784324, 49.403719883394032 ], [ -64.595652338186838, 49.509721792727404 ], [ -64.910024534506306, 49.61016841007109 ], [ -65.251759260103597, 49.680753901641275 ], [ -65.585299695640543, 49.715450065830979 ], [ -65.880200124258906, 49.714062549451846 ], [ -66.000000883244539, 49.704065391331312 ], [ -66.157544776257325, 49.678646836007999 ], [ -66.376998532558176, 49.619091772651771 ], [ -66.487669954234747, 49.575425230836402 ], [ -66.595258109978261, 49.521675285905914 ], [ -67.153339127014647, 49.189064045256735 ], [ -67.241176322869237, 49.156758667817549 ], [ -67.50713217258, 49.100592687726113 ], [ -67.653527378753964, 49.059287442047122 ], [ -68.173272458774903, 48.881427193359706 ], [ -68.467535696036038, 48.758094156354026 ], [ -68.72346425171888, 48.621038644865514 ], [ -68.999999169847683, 48.451724300509625 ], [ -69.278379655056625, 48.259371424513112 ], [ -69.548368976506907, 48.049451300814894 ], [ -69.676673403484415, 48.119504518501138 ], [ -69.83520689801297, 48.150561864969795 ], [ -69.865041224039658, 48.171450978339088 ], [ -69.893624834184152, 48.22578503387733 ], [ -69.958461064348313, 48.235841110447495 ], [ -70.016463178154808, 48.256536049523042 ], [ -70.077875757910292, 48.252827766992723 ], [ -70.007991993990444, 48.357004321841991 ], [ -70.01042362482444, 49.796525965248101 ], [ -70.021646404406681, 49.796609339385952 ], [ -70.024755618207209, 50.000055768541245 ], [ -70.029882572977016, 55.00013597780849 ], [ -67.416771637260538, 54.999496830010344 ] ] ], [ [ [ -66.259807578633399, 54.998683921189574 ], [ -63.554296997808756, 55.000113209476496 ], [ -63.551296931691532, 54.996363048591817 ], [ -63.556685939689025, 54.988751803322572 ], [ -63.577436807060622, 54.988307480745654 ], [ -63.569547553446121, 54.982140596364793 ], [ -63.574603376199462, 54.97627945009954 ], [ -63.614578765425897, 54.976751948319595 ], [ -63.600189047381214, 54.962612657614599 ], [ -63.60685675396099, 54.958473757315041 ], [ -63.578631254242048, 54.951973339900832 ], [ -63.60696844523163, 54.943862276581285 ], [ -63.588826924503635, 54.939056424203407 ], [ -63.592216482431169, 54.933667452033554 ], [ -63.578047880438142, 54.926472717259784 ], [ -63.628362469430577, 54.92458431802352 ], [ -63.606136285361835, 54.914361657242566 ], [ -63.615221594098145, 54.910833912850144 ], [ -63.59907948482693, 54.903944796404978 ], [ -63.604386252200911, 54.899333600905109 ], [ -63.630058130354534, 54.909306256874771 ], [ -63.652035074384628, 54.905195355570079 ], [ -63.665037542868042, 54.913528917489018 ], [ -63.658425363114453, 54.90283426041163 ], [ -63.686066476246786, 54.907223456543207 ], [ -63.694871049513388, 54.92619598864831 ], [ -63.721289257733993, 54.926335041031486 ], [ -63.733873074791696, 54.931474133268615 ], [ -63.723844224137679, 54.939168644948062 ], [ -63.785319728062262, 54.948280221442943 ], [ -63.789319744114827, 54.956530433873304 ], [ -63.828071407707874, 54.945002706853181 ], [ -63.82168238774706, 54.938335851717554 ], [ -63.826710429868967, 54.934974755804177 ], [ -63.790570260497759, 54.930585530965686 ], [ -63.823377406016711, 54.915196643688844 ], [ -63.842905931907488, 54.915807887575674 ], [ -63.825822095313896, 54.90264088464216 ], [ -63.848573255069127, 54.896696505563469 ], [ -63.83596183734592, 54.88491846538156 ], [ -63.857379347421272, 54.886918589552366 ], [ -63.844573578244976, 54.871390516413392 ], [ -63.852296245599241, 54.863029276013059 ], [ -63.825850943204834, 54.849001178428132 ], [ -63.829045712394645, 54.842556654182488 ], [ -63.811128661638669, 54.818250571259064 ], [ -63.856518751097191, 54.814417431274713 ], [ -63.846351932079898, 54.807139451008041 ], [ -63.877657447777011, 54.807945118548425 ], [ -63.863268305375271, 54.799083845408425 ], [ -63.906823456841416, 54.801472876690177 ], [ -63.887850507591757, 54.788166944459583 ], [ -63.916572065038935, 54.790333743384082 ], [ -63.902099218299504, 54.77872227127633 ], [ -63.9265988787932, 54.77863901225416 ], [ -63.88590480483056, 54.767916546209463 ], [ -63.884709352410304, 54.753027262730384 ], [ -63.871321927527298, 54.757055169664426 ], [ -63.842907678271061, 54.749471779586088 ], [ -63.824575381268062, 54.732693753855713 ], [ -63.782462899641544, 54.715471052618376 ], [ -63.785796478032196, 54.705970879961974 ], [ -63.754434495809278, 54.688498159086926 ], [ -63.774101887586014, 54.688664992838945 ], [ -63.775740969270053, 54.681637114181143 ], [ -63.760518423888733, 54.668470099173057 ], [ -63.740238267364816, 54.670581133652377 ], [ -63.723706721513679, 54.661358520250708 ], [ -63.727901154582014, 54.652024996374159 ], [ -63.718871469989097, 54.64905261801033 ], [ -63.709757244705855, 54.6223020225166 ], [ -63.741733404315163, 54.623580127403692 ], [ -63.814073679878888, 54.648636691795794 ], [ -63.814655399811656, 54.637303112037721 ], [ -63.831850717518996, 54.638553246202264 ], [ -63.828710405389756, 54.628914139420488 ], [ -63.856291757450137, 54.619969621751444 ], [ -63.874347156708254, 54.625303096366075 ], [ -63.879068947239048, 54.621775303085393 ], [ -63.867596256784374, 54.612886169058314 ], [ -63.897178585874165, 54.606664018463178 ], [ -63.894261548075811, 54.598691723929036 ], [ -63.936734649835614, 54.604747651253795 ], [ -63.963902749185593, 54.618109022438382 ], [ -63.994542260680547, 54.598442359102549 ], [ -64.03021596384383, 54.607526170383849 ], [ -64.052220541412112, 54.597304075436334 ], [ -64.095225825742176, 54.629832854292943 ], [ -64.115447260113157, 54.633249909506318 ], [ -64.108254011174537, 54.655249951225599 ], [ -64.146394896248793, 54.669111439230406 ], [ -64.171756671663204, 54.692250846704418 ], [ -64.184145965513807, 54.692500914926342 ], [ -64.17314527352616, 54.707723270719768 ], [ -64.197118446669151, 54.713029074623201 ], [ -64.181645538016795, 54.716862338345187 ], [ -64.185367766136608, 54.722834680494742 ], [ -64.20442397377056, 54.725696026652301 ], [ -64.236119936266888, 54.715140421733473 ], [ -64.252564794207345, 54.727557438831873 ], [ -64.282899395488982, 54.72864099560163 ], [ -64.299122106267859, 54.736280050784579 ], [ -64.302427546083337, 54.747919116824811 ], [ -64.290259628356679, 54.758585916401806 ], [ -64.297259758993377, 54.763724863839045 ], [ -64.349873276247806, 54.778086604105461 ], [ -64.384013630873426, 54.778781226844856 ], [ -64.394013765721411, 54.788225875254746 ], [ -64.487344072457176, 54.793392669517338 ], [ -64.473706067831841, 54.78508698270209 ], [ -64.479928211596118, 54.776420178639682 ], [ -64.467428984352452, 54.770003384957832 ], [ -64.487039114076779, 54.768781098773871 ], [ -64.472512319489539, 54.752142043663333 ], [ -64.477623629086239, 54.746391923492318 ], [ -64.50348382424626, 54.745641878295558 ], [ -64.52437288499037, 54.758725531643542 ], [ -64.550401757737419, 54.76269799694991 ], [ -64.560263507335847, 54.749725594065666 ], [ -64.531735626455344, 54.740808728480012 ], [ -64.528070039474017, 54.729530878364123 ], [ -64.550016488000807, 54.718864223392465 ], [ -64.552462063027576, 54.71055859980401 ], [ -64.60121153759988, 54.731753553835432 ], [ -64.633046871704352, 54.726336993792927 ], [ -64.67324206712054, 54.738754053970659 ], [ -64.680521891342707, 54.726531836288117 ], [ -64.696635008645302, 54.723198632419859 ], [ -64.730638587029077, 54.723143481778635 ], [ -64.735638626321276, 54.736199251937556 ], [ -64.759223386429724, 54.725949262602022 ], [ -64.788388938769955, 54.731171574328258 ], [ -64.803388383560758, 54.758727625608152 ], [ -64.780750052669532, 54.752894207101249 ], [ -64.782000135192035, 54.764449917603727 ], [ -64.751473001298891, 54.767227722441106 ], [ -64.780694860437094, 54.787033659045761 ], [ -64.767250434441237, 54.789283708252412 ], [ -64.77319489357933, 54.797589447537227 ], [ -64.747610956803896, 54.808978344555811 ], [ -64.772333727308862, 54.837756737683968 ], [ -64.783722988194754, 54.842034714392206 ], [ -64.798862643919819, 54.832006831456241 ], [ -64.818585548780035, 54.845534937655174 ], [ -64.828141548228828, 54.832507017641198 ], [ -64.839503028918827, 54.843423885931394 ], [ -64.8550037372909, 54.837035043931081 ], [ -64.866448603874019, 54.841229644714538 ], [ -64.845447205592208, 54.875424442585704 ], [ -64.859475263810396, 54.88620249903714 ], [ -64.896032219837679, 54.894647318827687 ], [ -64.915282708013891, 54.910008764264411 ], [ -64.914060247033831, 54.917731121715377 ], [ -64.954700614296513, 54.930370468767201 ], [ -65.019897678377689, 54.92973197620671 ], [ -65.04625938908319, 54.953788053215412 ], [ -65.074649458385878, 54.952260469042955 ], [ -65.077538215311961, 54.967316264611846 ], [ -65.119039994336291, 54.9581497068855 ], [ -65.117068037493993, 54.94292721860338 ], [ -65.128041099791133, 54.924927005938819 ], [ -65.1740983346983, 54.929455063513842 ], [ -65.169292858549582, 54.913927082815277 ], [ -65.198128075870287, 54.87587107332601 ], [ -65.19857305090423, 54.849092859255173 ], [ -65.288993630795332, 54.839898803440676 ], [ -65.286465743592302, 54.822315306099973 ], [ -65.297771648021424, 54.812565453764265 ], [ -65.329300653798882, 54.844482425126024 ], [ -65.340856415898074, 54.844315985974411 ], [ -65.339162068078096, 54.829788068987014 ], [ -65.353856181990864, 54.817371789527797 ], [ -65.388439401082763, 54.826122322520625 ], [ -65.395106178506879, 54.815539187535585 ], [ -65.409300565977304, 54.818261606103931 ], [ -65.414994836304686, 54.840567331567378 ], [ -65.453691080239864, 54.844595623695753 ], [ -65.482802934964738, 54.832734332934585 ], [ -65.476191939771809, 54.810956319177919 ], [ -65.431274393826442, 54.781372808549591 ], [ -65.427025092716846, 54.747622761914215 ], [ -65.451414866438469, 54.743400189268982 ], [ -65.451026249776433, 54.732122354675411 ], [ -65.475777215001898, 54.726899915506024 ], [ -65.499138831196049, 54.735177617637703 ], [ -65.541557969783256, 54.727344118426274 ], [ -65.593198696898327, 54.7378169163457 ], [ -65.610033132417641, 54.728817119784487 ], [ -65.633839001710498, 54.752179505849796 ], [ -65.647506350465761, 54.751013137496187 ], [ -65.660034932123096, 54.719096080317051 ], [ -65.679535679178414, 54.705262714738033 ], [ -65.708564616324992, 54.718568703307206 ], [ -65.715620493313054, 54.739624835804761 ], [ -65.759788864312966, 54.786208092971229 ], [ -65.837680624185325, 54.831624521713586 ], [ -65.855069435073901, 54.851291228694059 ], [ -65.85287476113507, 54.859569213120388 ], [ -65.840124522210971, 54.861513740486608 ], [ -65.843346690857771, 54.870152743368394 ], [ -65.834818713744482, 54.877014071574486 ], [ -65.838429732539964, 54.884736422554752 ], [ -65.862346556328902, 54.891125193334204 ], [ -65.851457516040099, 54.894014203111823 ], [ -65.853985057241289, 54.902764315791927 ], [ -65.843929405087422, 54.908431197440386 ], [ -65.852262806936565, 54.926598070655324 ], [ -65.877096528417695, 54.921903330146158 ], [ -65.932126861486481, 54.938959235896455 ], [ -65.963849506877281, 54.926514645465147 ], [ -65.991406214491477, 54.927709282278435 ], [ -66.02690941174798, 54.942709916096057 ], [ -66.048632949155831, 54.938487812807011 ], [ -66.030769867012197, 54.918987268797814 ], [ -66.036437053364565, 54.916709531798894 ], [ -66.06924551828449, 54.930015691431954 ], [ -66.119968728285201, 54.971099403634845 ], [ -66.159497799096613, 54.988516332100794 ], [ -66.157136403731897, 54.976905192693494 ], [ -66.177359202498735, 54.975016416919601 ], [ -66.234778463815957, 54.989544670239816 ], [ -66.243306224002964, 54.971766783479048 ], [ -66.25133479433913, 54.995739295502084 ], [ -66.259807578633399, 54.998683921189574 ] ] ], [ [ [ -67.218817770550217, 55.00010703901458 ], [ -66.750048072503418, 55.000103620976148 ], [ -66.73227049777924, 54.984297494819415 ], [ -66.729770622194408, 54.972880593729023 ], [ -66.737937489356526, 54.971325153289747 ], [ -66.702159682682108, 54.955157605654961 ], [ -66.712076384481279, 54.952824415837128 ], [ -66.677965421744119, 54.928323212313217 ], [ -66.673048927042231, 54.920850715223835 ], [ -66.684910203603323, 54.914628631338033 ], [ -66.679937796784117, 54.90723966266151 ], [ -66.686799002980081, 54.90018422876151 ], [ -66.648798050094996, 54.876433724023705 ], [ -66.653853815548345, 54.872961597343895 ], [ -66.644770157328807, 54.859211447730019 ], [ -66.649103667156993, 54.854239353978571 ], [ -66.628658847262344, 54.848572365710268 ], [ -66.620464366574495, 54.828849935165941 ], [ -66.585825127044657, 54.812599243393947 ], [ -66.618409049824521, 54.80123849666154 ], [ -66.61429808328441, 54.785960524081467 ], [ -66.640770701324897, 54.7919053667433 ], [ -66.645465309864704, 54.783516384407299 ], [ -66.638798465741019, 54.778127308723512 ], [ -66.652882276966977, 54.766349544843528 ], [ -66.748357118765938, 54.81312867995176 ], [ -66.720634266575132, 54.794850486402574 ], [ -66.718467764022819, 54.783711451347891 ], [ -66.726884759391183, 54.782683751467836 ], [ -66.717162708099664, 54.758600057469671 ], [ -66.699411852847376, 54.759072134394032 ], [ -66.661077403760373, 54.732876825187077 ], [ -66.666411250702978, 54.712709729805212 ], [ -66.688050819666927, 54.72298790635805 ], [ -66.702162329125173, 54.740321780528099 ], [ -66.715496359009194, 54.735405093050851 ], [ -66.758220042139598, 54.759350337725131 ], [ -66.7522478965234, 54.746350153443956 ], [ -66.772053962550686, 54.760989333537985 ], [ -66.770970318078355, 54.769572731352696 ], [ -66.791387854800007, 54.770156221468767 ], [ -66.874890089384991, 54.813323745183276 ], [ -66.892474374952641, 54.802795973641899 ], [ -66.908669382579077, 54.806684980909971 ], [ -66.918031203640524, 54.79757382897769 ], [ -66.935142997151019, 54.799712863951314 ], [ -66.946476422412019, 54.817490902124483 ], [ -67.042701880517555, 54.862519937841697 ], [ -67.048562998184607, 54.872381337836259 ], [ -67.043784977757895, 54.87868697024382 ], [ -67.059202026796683, 54.891826187745011 ], [ -67.224234889146544, 54.994440350057019 ], [ -67.218817770550217, 55.00010703901458 ] ] ], [ [ [ -66.639740808740314, 54.997324332309745 ], [ -66.621545808856567, 54.98262947342262 ], [ -66.645324727718304, 54.976601645622587 ], [ -66.687658585185901, 55.000130432353018 ], [ -66.639740808740314, 54.997324332309745 ] ] ] ] } },
{ "type": "Feature", "properties": { "code": "10", "nom": "Nord-du-Québec", "slug": "nord-du-quebec" }, "geometry": { "type": "Polygon", "coordinates": [ [ [ -77.50710469570646, 62.582297909209672 ], [ -77.424293976215608, 62.580880422095163 ], [ -77.345262874072944, 62.555073070151707 ], [ -77.310427569837884, 62.557683926267714 ], [ -77.21717220790498, 62.540710366222754 ], [ -77.191031544784039, 62.54465468631463 ], [ -77.162613924841821, 62.536348678712727 ], [ -77.020415023154385, 62.530789876285837 ], [ -76.930297382643687, 62.537676373508589 ], [ -76.865575874034221, 62.52498209869168 ], [ -76.796710889170583, 62.522397452908592 ], [ -76.541903052255464, 62.452593602648449 ], [ -76.460779680679423, 62.441697379880452 ], [ -76.432776675075672, 62.425278431432503 ], [ -76.392746603838702, 62.432750878319553 ], [ -76.348716421573556, 62.420916662997513 ], [ -76.291302807630132, 62.41981024506515 ], [ -76.254973925783418, 62.401341932993489 ], [ -76.110232916427606, 62.378024762051723 ], [ -76.034430408673757, 62.35516825541913 ], [ -75.963209042066694, 62.347393867450307 ], [ -75.945735721869539, 62.352227239530691 ], [ -75.864058573135708, 62.322192626713274 ], [ -75.781577900409729, 62.306882720385488 ], [ -75.714101912486683, 62.304354305104766 ], [ -75.692545480680337, 62.294798285758304 ], [ -75.575015920633746, 62.287440227926083 ], [ -75.552180509246625, 62.296078819148192 ], [ -75.340754792623045, 62.316913689343721 ], [ -75.280858921171841, 62.300215672275272 ], [ -75.110518285885121, 62.283520783681013 ], [ -75.077210247459618, 62.269908686823726 ], [ -74.96984291509699, 62.266268547283516 ], [ -74.8650356409035, 62.241073958577886 ], [ -74.803285162119607, 62.24035264597552 ], [ -74.622322516833947, 62.259682966008199 ], [ -74.498351392151619, 62.248322390874932 ], [ -74.402262857810342, 62.250321608903562 ], [ -74.353898761661412, 62.26073818591982 ], [ -74.334202635562349, 62.278238527029373 ], [ -74.297561364771241, 62.286877343749495 ], [ -74.256335815735326, 62.325461439316086 ], [ -74.199493102267752, 62.333571812862886 ], [ -74.184156808041962, 62.343988509703252 ], [ -74.013680675903174, 62.369460367320698 ], [ -73.850021226440333, 62.46362848386201 ], [ -73.7931835553768, 62.464044809459836 ], [ -73.733929947544652, 62.477489257625052 ], [ -73.715317780113196, 62.475072273102512 ], [ -73.706011348781146, 62.483877992708074 ], [ -73.670787259534052, 62.480127576760879 ], [ -73.649064547664864, 62.458404606309784 ], [ -73.593368163426533, 62.428347601278404 ], [ -73.600785357592542, 62.422430890766123 ], [ -73.584284850090739, 62.413985987651529 ], [ -73.485114078378899, 62.387678874261098 ], [ -73.465752743933933, 62.388956320387592 ], [ -73.455586937420833, 62.381177921396727 ], [ -73.38514338400995, 62.376702990091758 ], [ -73.370478169953913, 62.363396454279325 ], [ -73.296227973720988, 62.333394893149318 ], [ -73.191947452619274, 62.314892926213361 ], [ -73.168420017888423, 62.294948350679874 ], [ -73.164225191652406, 62.264504643729424 ], [ -73.143892726481056, 62.251031934916341 ], [ -73.101062779875349, 62.234279508113616 ], [ -73.082480665709681, 62.217139503312183 ], [ -73.001143794036921, 62.195360378430109 ], [ -72.94978341077757, 62.169248074970199 ], [ -72.906366168556474, 62.162330792209048 ], [ -72.863835785127378, 62.144468191338376 ], [ -72.800913548533572, 62.135940373890264 ], [ -72.751072331602984, 62.144025334285345 ], [ -72.70185428462338, 62.138384650707337 ], [ -72.613466049451063, 62.112132522445847 ], [ -72.5999936736942, 62.093965418008906 ], [ -72.607994300329153, 62.087882002090339 ], [ -72.59954967391883, 62.082437342224068 ], [ -72.608022667156206, 62.072048215061955 ], [ -72.581855507334808, 62.05063086949076 ], [ -72.595634967838919, 62.01965797481688 ], [ -72.581579253875873, 61.998796180218903 ], [ -72.586523877440527, 61.991212763013436 ], [ -72.574995735658717, 61.982073630094362 ], [ -72.578190317045596, 61.977379151149933 ], [ -72.437820782256949, 61.906238621431442 ], [ -72.384372110352103, 61.894376995555263 ], [ -72.26561502193573, 61.889517689935701 ], [ -72.209584645710038, 61.874685021262451 ], [ -72.17974951954443, 61.85382355419506 ], [ -72.174804320899341, 61.834045226448609 ], [ -72.11096498967089, 61.797656802352492 ], [ -72.072821277787455, 61.757406791770904 ], [ -72.046596592212325, 61.748379464394077 ], [ -72.028343259973497, 61.730157461144131 ], [ -71.903559971188088, 61.709381331856605 ], [ -71.884587722544779, 61.696659235839775 ], [ -71.818029749910522, 61.69771631996008 ], [ -71.712385134428303, 61.666662494683692 ], [ -71.642937007937292, 61.658080643955145 ], [ -71.608768165088577, 61.639275724010758 ], [ -71.577905035775814, 61.632887454245633 ], [ -71.545040332120266, 61.610887949512517 ], [ -71.513205409594661, 61.608804918495537 ], [ -71.508677205163167, 61.603721740565561 ], [ -71.519343847268146, 61.59261050933037 ], [ -71.516398977016479, 61.580777179882546 ], [ -71.565623761836378, 61.54494237426843 ], [ -71.563810384098815, 61.407552004059994 ], [ -71.636259546784572, 61.32538380478087 ], [ -71.633924568002499, 61.313355902206467 ], [ -71.595036278452085, 61.312827575294136 ], [ -71.602396978301158, 61.304494150333369 ], [ -71.631673269466205, 61.301522384861983 ], [ -71.627810091881884, 61.280910814932042 ], [ -71.607144896568172, 61.262993373557379 ], [ -71.530313871115936, 61.238019538761648 ], [ -71.432781860401178, 61.223296072029086 ], [ -71.442783595155902, 61.18271177842098 ], [ -71.315273559626291, 61.152958968649557 ], [ -71.218973048662235, 61.162482180422103 ], [ -71.123559333233629, 61.135204076698017 ], [ -71.066059329008056, 61.130703273129257 ], [ -71.043444082597148, 61.13600793031901 ], [ -70.98607612942692, 61.127867022416012 ], [ -70.930895684945483, 61.114732427774754 ], [ -70.919121113483186, 61.102371990664665 ], [ -70.883835548134641, 61.088506336619105 ], [ -70.880055615595779, 61.078782688348383 ], [ -70.738086208966138, 61.085203737722566 ], [ -70.711584655030265, 61.08034210271029 ], [ -70.686472035886766, 61.058924090763867 ], [ -70.668055950756298, 61.055813504197772 ], [ -70.301426455609828, 61.101561887370735 ], [ -70.130168813740738, 61.091338099119866 ], [ -70.105193731915961, 61.069502378741902 ], [ -70.104969469752632, 61.054250271397336 ], [ -70.1447454048498, 61.02821916499056 ], [ -70.154104729254357, 61.011522537301744 ], [ -70.085990085835419, 60.961519411616905 ], [ -70.076100640577238, 60.96010269360346 ], [ -70.075433637035815, 60.971297392520114 ], [ -70.065239018033196, 60.958769266652894 ], [ -69.991013136204799, 60.949518686496617 ], [ -70.023457859815949, 60.997714482177059 ], [ -69.982596658298405, 61.014327391419442 ], [ -69.989431327254692, 61.021356192394819 ], [ -69.984515935876573, 61.032107593668115 ], [ -69.949821300713097, 61.040775151227251 ], [ -69.921123923316031, 61.030273495659344 ], [ -69.927845301548587, 61.022522529915591 ], [ -69.917066144860996, 61.016104925302386 ], [ -69.925120901249102, 61.008520589040074 ], [ -69.910841457362494, 61.00132503193629 ], [ -69.955538458810793, 60.977546956489903 ], [ -69.944676848296695, 60.977796877318838 ], [ -69.942316075831002, 60.967102100541922 ], [ -69.956566971522079, 60.956601997990617 ], [ -69.952678142224215, 60.949407304018791 ], [ -69.964095482933146, 60.945379486318643 ], [ -69.762364256574187, 60.918294469266868 ], [ -69.682178326906069, 60.942885297764292 ], [ -69.679261985908681, 60.963386336471444 ], [ -69.698707018190817, 60.99533216939534 ], [ -69.650453885924776, 61.042027612198467 ], [ -69.649425736323224, 61.053972339050176 ], [ -69.611118062523985, 61.065527900170764 ], [ -69.613312083337405, 61.078694842848449 ], [ -69.551476045671279, 61.079444399359545 ], [ -69.50347410644838, 61.068388251761007 ], [ -69.483999529574419, 61.038331130371887 ], [ -69.481331594858261, 61.013440966391158 ], [ -69.466298762471979, 61.002466966560121 ], [ -69.468158914470905, 60.991383026454344 ], [ -69.453626023454319, 60.983242454193771 ], [ -69.446316550642223, 60.95765709613795 ], [ -69.421062043762561, 60.95201685659282 ], [ -69.370531815311324, 60.915431667911605 ], [ -69.379338576050998, 60.897403314900828 ], [ -69.376366535653119, 60.885819527017418 ], [ -69.389673653148748, 60.867930066693305 ], [ -69.372256230247672, 60.855068417213772 ], [ -69.377035369822408, 60.825900774886236 ], [ -69.357395237956496, 60.814206030382593 ], [ -69.371980128523489, 60.796844537447384 ], [ -69.441957655228748, 60.782538815809517 ], [ -69.453014054764765, 60.771983104978233 ], [ -69.499738681089866, 60.76239985124738 ], [ -69.507295400393559, 60.751427389504443 ], [ -69.526103349541131, 60.754760852024503 ], [ -69.560031286924016, 60.719151972114389 ], [ -69.641894122558483, 60.704288959615212 ], [ -69.674643889118556, 60.673786877915347 ], [ -69.668230201232348, 60.653260114046418 ], [ -69.646235901675766, 60.633763130606781 ], [ -69.648432462287474, 60.62112495084574 ], [ -69.620825866450673, 60.59382131302965 ], [ -69.619604743022364, 60.583932779797806 ], [ -69.6511881707508, 60.566681457647576 ], [ -69.652381651550058, 60.554152534547882 ], [ -69.673825417969738, 60.543456851931865 ], [ -69.709490560268307, 60.45097922355194 ], [ -69.730380740140959, 60.438034627687216 ], [ -69.717270342516144, 60.408700805905141 ], [ -69.688327045153983, 60.392229074492491 ], [ -69.661332464340262, 60.3560925773848 ], [ -69.667223586198816, 60.342537607739189 ], [ -69.662029345910412, 60.341176631428709 ], [ -69.671141163080165, 60.334287729171876 ], [ -69.635725736083032, 60.258063899316824 ], [ -69.643976278843184, 60.254563816984273 ], [ -69.631753719786786, 60.246257981674603 ], [ -69.638504117698972, 60.240619048371514 ], [ -69.583530004127681, 60.222590383785587 ], [ -69.596781131032401, 60.199312187330577 ], [ -69.591642964899563, 60.169644752848001 ], [ -69.567836348605283, 60.163783322533504 ], [ -69.559780764746733, 60.153310807226319 ], [ -69.58550485920432, 60.132060448505626 ], [ -69.589922071452975, 60.118004667015612 ], [ -69.566532306120052, 60.11219879110223 ], [ -69.54219837163248, 60.093781526607984 ], [ -69.560727476657519, 60.074253409740777 ], [ -69.591926411090526, 59.961695354767471 ], [ -69.620844566188453, 59.956445430079441 ], [ -69.620678112683095, 59.942889611592705 ], [ -69.610816763177581, 59.939056061981773 ], [ -69.62756803295116, 59.920472383742322 ], [ -69.620874392948735, 59.906971539491394 ], [ -69.579819592760089, 59.892859278983508 ], [ -69.510342037143744, 59.884081615626087 ], [ -69.489729641430017, 59.871692466275249 ], [ -69.507092683101007, 59.858080936899967 ], [ -69.52873835243264, 59.816967442426346 ], [ -69.500737233298253, 59.796883573736636 ], [ -69.471206004602152, 59.799856338209963 ], [ -69.541302100088842, 59.745075374425937 ], [ -69.511302236213851, 59.69524317746118 ], [ -69.484327339446111, 59.67168806399269 ], [ -69.489856496006269, 59.662188068754972 ], [ -69.483189357685376, 59.631270718471455 ], [ -69.497498035158912, 59.608992701418458 ], [ -69.540973108401488, 59.587548118040445 ], [ -69.543527283366814, 59.568853105128994 ], [ -69.592167463525868, 59.557881120594573 ], [ -69.637253495241225, 59.528744355180493 ], [ -69.629170032237369, 59.473744871794793 ], [ -69.604723922178209, 59.462299618372242 ], [ -69.573304054278537, 59.461631521047252 ], [ -69.569499135274441, 59.453659682706473 ], [ -69.401277115725577, 59.377745418056918 ], [ -69.402388752270895, 59.368689911457409 ], [ -69.393471423210769, 59.36441167593722 ], [ -69.33377249448705, 59.356075992948945 ], [ -69.317827090067112, 59.361464084915667 ], [ -69.23213230640107, 59.346351635985513 ], [ -69.231997561562139, 59.307685817956383 ], [ -69.20752411247156, 59.281434678392031 ], [ -69.224665469582249, 59.278268843107981 ], [ -69.227500015030671, 59.267324600537336 ], [ -69.208609679459244, 59.225933827372842 ], [ -69.130148734875149, 59.169701722329762 ], [ -69.117001325281421, 59.143061913972247 ], [ -69.091988632350422, 59.128311386741473 ], [ -69.077610338530349, 59.103977368976246 ], [ -69.068581014969482, 59.102005044474822 ], [ -69.072863924157048, 59.110727480561138 ], [ -69.065502788913648, 59.111199626691871 ], [ -69.062160674997131, 59.096004776939026 ], [ -69.04440521832322, 59.087698963188473 ], [ -69.048097819151849, 59.070420809526695 ], [ -68.986215179048202, 59.012724628394949 ], [ -68.975554566066762, 59.010391177750705 ], [ -68.989796438146641, 59.020474880316783 ], [ -68.990101579374652, 59.031752836995906 ], [ -68.970168419124604, 59.019419161556186 ], [ -68.959785609554103, 59.005363264356106 ], [ -68.967170686628776, 58.993946384367291 ], [ -68.892255117121749, 58.924138865247585 ], [ -68.549239525221367, 58.940720242121643 ], [ -68.441707813096343, 58.908774369529738 ], [ -68.412401448392188, 58.886523709062033 ], [ -68.341954366309551, 58.87188398193689 ], [ -68.261090733174512, 58.823743497571797 ], [ -68.257674360617216, 58.810187631377971 ], [ -68.278010006314616, 58.751658730275381 ], [ -68.262231791725867, 58.737630493121117 ], [ -68.276038248913778, 58.725435847431584 ], [ -68.277122913241215, 58.677768138685849 ], [ -68.267150239003684, 58.673351386141917 ], [ -68.269650610340364, 58.663239998663471 ], [ -68.260400399986111, 58.655323146239709 ], [ -68.264706716608771, 58.636433867062124 ], [ -68.272623607257344, 58.635683892459326 ], [ -68.26842952412386, 58.616322334343465 ], [ -68.24251219020698, 58.593155038688224 ], [ -68.243234789315807, 58.583321422297388 ], [ -68.193232343653506, 58.573708248410412 ], [ -68.04180920949193, 58.57251345338733 ], [ -68.023947245164663, 58.587570099730158 ], [ -68.000168424066032, 58.590403301216213 ], [ -67.989084903343041, 58.577902987240122 ], [ -67.964639522971993, 58.572235999565805 ], [ -67.953250325289616, 58.562735734388923 ], [ -67.95250064085559, 58.549985478831445 ], [ -67.918777354097926, 58.53137374461204 ], [ -67.730186930341574, 58.489898861909978 ], [ -67.703519434952398, 58.471812231322076 ], [ -67.662962191213069, 58.460973133519985 ], [ -67.660962493031434, 58.445775110121986 ], [ -67.62060005311389, 58.424880516869621 ], [ -67.596126468278555, 58.434824795110103 ], [ -67.56904218516587, 58.430879467792295 ], [ -67.57112541248614, 58.437685207910931 ], [ -67.553597042080469, 58.437435054784999 ], [ -67.541513474194005, 58.421573540946099 ], [ -67.550208534944886, 58.407934455658449 ], [ -67.568125936777335, 58.406656763168144 ], [ -67.55104235113771, 58.388989582342106 ], [ -67.543875387685375, 58.393184083138067 ], [ -67.549708808930006, 58.395656421090337 ], [ -67.545069498973021, 58.410184473308163 ], [ -67.529568494843318, 58.426879079684568 ], [ -67.533485114645487, 58.4367126304831 ], [ -67.526095581026141, 58.454796340954772 ], [ -67.507344634518574, 58.462685235684035 ], [ -67.482816021809867, 58.455907164705422 ], [ -67.462398925802347, 58.434851004073266 ], [ -67.458010213954537, 58.420295079035384 ], [ -67.46462173153202, 58.414017501985711 ], [ -67.454538023939108, 58.410184514270213 ], [ -67.46045512243802, 58.400712958596785 ], [ -67.430843071468303, 58.389160212254239 ], [ -67.449733353236127, 58.355495874292387 ], [ -67.416453825753536, 58.377024481441822 ], [ -67.397647823442242, 58.361139920838923 ], [ -67.400870475311478, 58.35039134630432 ], [ -67.434260633118186, 58.356414675317126 ], [ -67.422204842309839, 58.345501738100495 ], [ -67.440566854599638, 58.332666750432963 ], [ -67.410676922215259, 58.326504941536086 ], [ -67.388259742281832, 58.31244888830787 ], [ -67.365203094159085, 58.314254335177225 ], [ -67.305757087226766, 58.35647358338349 ], [ -67.227507108265513, 58.362716939614074 ], [ -67.200447813223604, 58.382470751518667 ], [ -67.198251054864045, 58.400585477129084 ], [ -67.118606640421206, 58.417810418384988 ], [ -67.103050727487357, 58.441336259975174 ], [ -67.085244789076967, 58.452695325943523 ], [ -67.051687891804477, 58.452222732266648 ], [ -67.018270225413062, 58.475969861969133 ], [ -67.014603795251901, 58.506161663243802 ], [ -66.981798239338104, 58.501495277937579 ], [ -66.93543777822083, 58.515940835897879 ], [ -66.799236052516505, 58.505885138804558 ], [ -66.786735242759448, 58.497634840353555 ], [ -66.736702899909687, 58.516079700072964 ], [ -66.70164419980506, 58.554470184527872 ], [ -66.696199175572701, 58.568498468901623 ], [ -66.70469972625915, 58.580248488781365 ], [ -66.691032239238609, 58.576915429224471 ], [ -66.679169664013727, 58.597278112184711 ], [ -66.665529642001218, 58.602501276363569 ], [ -66.686223348455314, 58.642003468794655 ], [ -66.656777133624757, 58.642254493376583 ], [ -66.579580717687577, 58.664806232444732 ], [ -66.582552567147047, 58.674529281160574 ], [ -66.547744604067191, 58.705447733198866 ], [ -66.551272044049085, 58.715976402242859 ], [ -66.496133387115719, 58.765392812633365 ], [ -66.494772262990409, 58.780448638501866 ], [ -66.52035498750422, 58.801228191616531 ], [ -66.500161699829505, 58.811338321973437 ], [ -66.485880977822603, 58.856895793103888 ], [ -66.472935450651391, 58.866423845559211 ], [ -66.458325013719673, 58.857089667549474 ], [ -66.371820564495181, 58.867061824032248 ], [ -66.353708751042063, 58.858978292117115 ], [ -66.152225418694911, 58.86095164087925 ], [ -66.137447404346517, 58.868452307136238 ], [ -66.125448186370306, 58.861118934896808 ], [ -66.095087849316769, 58.861314138909734 ], [ -65.990360669911013, 58.916342796631852 ], [ -65.952330063867123, 58.958232683083907 ], [ -65.977914264264371, 58.935343108328311 ], [ -66.030608750969918, 58.94489884212328 ], [ -66.056995867337605, 58.967482452063621 ], [ -66.037743661724392, 58.977704639238425 ], [ -65.975299026152072, 58.985205124164168 ], [ -65.94266368822241, 58.968705459946136 ], [ -65.932886555910727, 58.979289397735613 ], [ -65.937247386361889, 58.98584506844395 ], [ -65.9234989398621, 58.993123599168598 ], [ -65.938496848074465, 59.014568208056346 ], [ -65.919027073930692, 59.02248582945839 ], [ -65.924137281249784, 59.034902704174044 ], [ -65.91705474314665, 59.049514489427452 ], [ -65.924997899806101, 59.057375529392175 ], [ -65.853746808578251, 59.130293354333674 ], [ -65.863247414257671, 59.13784897236269 ], [ -65.849663614314977, 59.147043418396038 ], [ -65.848191088422197, 59.136348912301969 ], [ -65.836301855678244, 59.148348922130481 ], [ -65.830551758533659, 59.155237831755244 ], [ -65.84305246886106, 59.166237996366078 ], [ -65.82638361749548, 59.173654621813057 ], [ -65.799850218783604, 59.207127079152428 ], [ -65.865784684727203, 59.242375922158999 ], [ -65.858587886387454, 59.252736938537168 ], [ -65.861615390080601, 59.264264966620431 ], [ -65.849364809684516, 59.271737250772048 ], [ -65.852920172873553, 59.282070822561764 ], [ -65.64663592389104, 59.409907353640108 ], [ -65.589977067832592, 59.436216909062011 ], [ -65.601224818019148, 59.445910797705096 ], [ -65.570255539207778, 59.446467512488539 ], [ -65.565421805840856, 59.449245336520846 ], [ -65.57319979377246, 59.454551018984546 ], [ -65.559560426769622, 59.452134202802483 ], [ -65.530197722789353, 59.467384389483811 ], [ -65.508862704356375, 59.492357006503028 ], [ -65.51569623381414, 59.499162805553965 ], [ -65.501111962490427, 59.501329321954699 ], [ -65.473604189949583, 59.532411591784296 ], [ -65.478130998087067, 59.536772488739871 ], [ -65.469019657772947, 59.537772706088617 ], [ -65.437097292006342, 59.572301394340172 ], [ -65.441567346491752, 59.590690386658366 ], [ -65.460483691644356, 59.61391285532676 ], [ -65.482538987785688, 59.618412416724937 ], [ -65.502207191264233, 59.642441665823128 ], [ -65.533679033585827, 59.659191385065299 ], [ -65.541677778015639, 59.679968971140966 ], [ -65.567120650306151, 59.69099547060614 ], [ -65.559481697736715, 59.695329137583201 ], [ -65.563731261255498, 59.704495698809183 ], [ -65.552397815407346, 59.708440530634107 ], [ -65.568424699867194, 59.72274576200158 ], [ -65.554396386627786, 59.730718192009306 ], [ -65.559062572518542, 59.741968120741205 ], [ -65.512142962548126, 59.766968205456294 ], [ -65.492918853259482, 59.793385762395985 ], [ -65.476139055472231, 59.799609137255345 ], [ -65.461275664712105, 59.817915975806386 ], [ -65.42913314947333, 59.821695688384523 ], [ -65.389769452161602, 59.840640729911854 ], [ -65.388186402178292, 59.84808481541063 ], [ -65.337768058288304, 59.86047283271256 ], [ -65.335685455306702, 59.880916417297612 ], [ -65.310629588199163, 59.882554441904404 ], [ -65.255044788904627, 59.915164306427016 ], [ -65.263211703273953, 59.919497834315735 ], [ -65.259683495120385, 59.925886806748963 ], [ -65.23596035331002, 59.925747786106854 ], [ -65.230598693146362, 59.940081404964928 ], [ -65.202624635257393, 59.962053947325103 ], [ -65.206652368854179, 59.971220806427993 ], [ -65.140314665903418, 60.026805011743306 ], [ -65.13348041991236, 60.047166521007739 ], [ -65.142341463373725, 60.063916891527469 ], [ -65.037183006891894, 60.126421348186284 ], [ -65.010198404358448, 60.15917478883415 ], [ -64.991695071704385, 60.166675490007549 ], [ -65.006084531907675, 60.169925673099669 ], [ -64.998972829797083, 60.176425771092511 ], [ -64.978583216570371, 60.172036669839372 ], [ -64.965054698249844, 60.17823110690864 ], [ -64.965804288951176, 60.192009234410307 ], [ -64.947997037876235, 60.228787734059608 ], [ -64.961163943626389, 60.253426888179263 ], [ -64.948246979929081, 60.269119684466432 ], [ -64.864044450570702, 60.293531507149908 ], [ -64.871182635458581, 60.298003391931672 ], [ -64.857265071515485, 60.30194718812993 ], [ -64.832674612056962, 60.33924952656298 ], [ -64.855925018755897, 60.359694620957555 ], [ -64.852702338020038, 60.369222596418751 ], [ -64.730814967328399, 60.365276658729783 ], [ -64.662118623325227, 60.343302777222164 ], [ -64.624368115993548, 60.344187718726459 ], [ -64.531857352380371, 60.308831231252839 ], [ -64.522637842643405, 60.299277018065823 ], [ -64.531220553468643, 60.295970794562322 ], [ -64.571127532636183, 60.311354385043103 ], [ -64.598989178433783, 60.297439129900113 ], [ -64.682203631119251, 60.297747756514866 ], [ -64.706566146800583, 60.279303096482636 ], [ -64.736817213004599, 60.289247906081414 ], [ -64.781459209740774, 60.283055841941405 ], [ -64.816687110983821, 60.266809487677904 ], [ -64.838326398880838, 60.272282914179982 ], [ -64.859049957138382, 60.264173280413502 ], [ -64.847136533018784, 60.240812877098847 ], [ -64.852303433043346, 60.22642384373421 ], [ -64.832637478877416, 60.225311979388152 ], [ -64.821803415667091, 60.212366534645184 ], [ -64.750160425675404, 60.188585922791788 ], [ -64.742190281661806, 60.181086252195939 ], [ -64.755440760465717, 60.171420851334574 ], [ -64.727112211041572, 60.165197569323425 ], [ -64.726360949631612, 60.173141597632195 ], [ -64.700643521402924, 60.172640127124964 ], [ -64.692891957639517, 60.18266699695323 ], [ -64.66728916661549, 60.170416116290767 ], [ -64.610696866371654, 60.170916554242126 ], [ -64.594193863817623, 60.166000038750326 ], [ -64.607085176813769, 60.160222045894784 ], [ -64.592110392272332, 60.15233311510633 ], [ -64.604945848383693, 60.143583006772644 ], [ -64.599028404756496, 60.13538835310942 ], [ -64.580414819142788, 60.131499283104176 ], [ -64.586721442193607, 60.116499054340522 ], [ -64.634726660464821, 60.104999601560507 ], [ -64.639394290159203, 60.113305239708382 ], [ -64.66353586258532, 60.113138936162727 ], [ -64.676618577205659, 60.104194790529903 ], [ -64.768448855821589, 60.109891370713115 ], [ -64.709313132105876, 60.083500621869973 ], [ -64.703924362683779, 60.074583713749064 ], [ -64.714174819649713, 60.073000488936657 ], [ -64.711508158998754, 60.066416923269628 ], [ -64.72206449839058, 60.05736125664049 ], [ -64.776537339071012, 60.060222893732714 ], [ -64.824816613773351, 60.051028401709516 ], [ -64.920622935606048, 60.065502164913653 ], [ -64.889792352770371, 60.047334090143181 ], [ -64.874161713408796, 60.013748061128354 ], [ -64.851135984422626, 60.002330402463599 ], [ -64.874776311889946, 59.990385635117377 ], [ -64.872970456834253, 59.98294090955136 ], [ -64.836358775065491, 59.975912931232756 ], [ -64.844192210700214, 59.968829436372062 ], [ -64.83797004442556, 59.964829340893573 ], [ -64.775128636672434, 59.98221970440261 ], [ -64.773434829712301, 59.975191634386192 ], [ -64.742987866454087, 59.970219500572512 ], [ -64.748878575982872, 59.958385548125591 ], [ -64.743989984019265, 59.954885337147459 ], [ -64.686014917856198, 59.957801774864379 ], [ -64.652792162975459, 59.950800352490091 ], [ -64.665018090584681, 59.928688840746872 ], [ -64.620901710490728, 59.929379832924667 ], [ -64.642711185384599, 59.90613066265621 ], [ -64.656630033649321, 59.902076147602429 ], [ -64.659269728391962, 59.890187258661172 ], [ -64.680132673972821, 59.88021532750497 ], [ -64.762496943276005, 59.890299388951291 ], [ -64.759385936882779, 59.880854713965903 ], [ -64.769497769336567, 59.873326866902516 ], [ -64.734551902264457, 59.869437642661012 ], [ -64.725190618480156, 59.861298474964201 ], [ -64.785332300797791, 59.849520860773794 ], [ -64.794805303231215, 59.834298338977476 ], [ -64.819612028958659, 59.833409645308222 ], [ -64.820140106901988, 59.8219093457339 ], [ -64.789833639532731, 59.807436576391467 ], [ -64.809557016562962, 59.796797650669419 ], [ -64.812418670828777, 59.782436157999655 ], [ -64.805446483019125, 59.769130309185073 ], [ -64.787001509112372, 59.760435499752816 ], [ -64.793806508639648, 59.736157597316492 ], [ -64.758082333508753, 59.730601809845837 ], [ -64.748636085471446, 59.713296227378521 ], [ -64.78219145720584, 59.691379761646886 ], [ -64.772773021933972, 59.673796383672084 ], [ -64.809858005924298, 59.654462864621678 ], [ -64.798941654218083, 59.617517597393942 ], [ -64.815359289704816, 59.607267422804455 ], [ -64.804136885418359, 59.590072568421817 ], [ -64.812082262803699, 59.569655416551143 ], [ -64.83794451513586, 59.56765547443058 ], [ -64.839889350922135, 59.556655198683586 ], [ -64.817222040056492, 59.540099216198371 ], [ -64.825555999162702, 59.529015693286965 ], [ -64.810139330002244, 59.509570705280908 ], [ -64.810778516823802, 59.497987105165009 ], [ -64.749025696190529, 59.490153164155515 ], [ -64.731081539328613, 59.46743003270899 ], [ -64.693526456101836, 59.462207065265545 ], [ -64.675413865366295, 59.44584548309416 ], [ -64.63885888368128, 59.462178727910327 ], [ -64.629886051125368, 59.482790330931834 ], [ -64.578521157101022, 59.470345648892874 ], [ -64.554322417289256, 59.491152030354499 ], [ -64.49651312350403, 59.504513169729989 ], [ -64.515374431690532, 59.516624766581515 ], [ -64.456349707216873, 59.524040223128111 ], [ -64.442017357728503, 59.534984439095524 ], [ -64.324060079676542, 59.511345717540735 ], [ -64.333781312600252, 59.49856806806747 ], [ -64.363898861903635, 59.496761728188403 ], [ -64.364593605136292, 59.487150386227881 ], [ -64.385459170464685, 59.484899883635251 ], [ -64.381263995255949, 59.477538712133196 ], [ -64.409214312618531, 59.479621487596773 ], [ -64.456853993244408, 59.459704972500049 ], [ -64.465077394067691, 59.446871384586984 ], [ -64.486827398123296, 59.445121576279632 ], [ -64.480633185777151, 59.443065893181085 ], [ -64.514303802084839, 59.422926401181485 ], [ -64.472441601719026, 59.419537116662809 ], [ -64.476080725031409, 59.415564808671661 ], [ -64.462468411971372, 59.411370247822049 ], [ -64.525080692045265, 59.399842766479424 ], [ -64.530635163405293, 59.391148314181748 ], [ -64.521550846120306, 59.386481517705761 ], [ -64.535272129834993, 59.375148215679815 ], [ -64.534187547838826, 59.36603703488953 ], [ -64.491655392094742, 59.349647879333475 ], [ -64.514709932731648, 59.333258933997513 ], [ -64.520182780618541, 59.318369739442062 ], [ -64.557684429537233, 59.31664778228793 ], [ -64.535322702190228, 59.303619504113044 ], [ -64.542406743611707, 59.290313755732427 ], [ -64.519072373943914, 59.288119134291946 ], [ -64.506600012024137, 59.274174262979898 ], [ -64.489044941442671, 59.270896257991012 ], [ -64.511409297139608, 59.235201016736141 ], [ -64.506160479603182, 59.227672911127911 ], [ -64.534940856717697, 59.220533924708263 ], [ -64.471141058367095, 59.179504128717326 ], [ -64.479642510424867, 59.170698337837393 ], [ -64.4744479992724, 59.163837007056713 ], [ -64.480638395222797, 59.140697505270396 ], [ -64.492248617307268, 59.133725241970694 ], [ -64.482522784674472, 59.116252465793139 ], [ -64.489492892075532, 59.103252198063615 ], [ -64.452407526119771, 59.100418491569258 ], [ -64.435380325488154, 59.107140807251824 ], [ -64.435293257979254, 59.08794583023564 ], [ -64.421681320718221, 59.086306876848596 ], [ -64.419791932400358, 59.078834453935997 ], [ -64.407458985351582, 59.08905685078355 ], [ -64.368736896630082, 59.098556839354274 ], [ -64.359179154562582, 59.078111819224773 ], [ -64.363847385617646, 59.068806132206134 ], [ -64.31590499037128, 59.068916993089999 ], [ -64.301744206069316, 59.043944300899227 ], [ -64.277913164620031, 59.03608293412816 ], [ -64.27835873962556, 59.025499423918063 ], [ -64.265387574621229, 59.013999081211864 ], [ -64.281333152456, 59.004971251732513 ], [ -64.350221808894389, 58.996638086248595 ], [ -64.354303360959136, 59.004721561835311 ], [ -64.373022192597034, 59.008860613187778 ], [ -64.377383362809553, 59.002499355236978 ], [ -64.392797252133505, 59.005666083497601 ], [ -64.45218792282617, 58.984416036758432 ], [ -64.472244427151679, 58.984221679154643 ], [ -64.47727044186729, 58.992805236613606 ], [ -64.468740387699768, 59.002416424895671 ], [ -64.492935478049503, 59.016555766804686 ], [ -64.515522569520783, 59.019139415612131 ], [ -64.514134259342882, 59.005500207160196 ], [ -64.539612833779245, 59.003055973669063 ], [ -64.544529739160225, 59.011778422924351 ], [ -64.561143947440769, 59.015750938251358 ], [ -64.576587456506616, 59.039140439070536 ], [ -64.59933790468807, 59.037529360387111 ], [ -64.608003236709862, 59.044362783978329 ], [ -64.670668210376789, 59.038807244371128 ], [ -64.684278701307449, 59.074141585176619 ], [ -64.735281053339634, 59.078753017371469 ], [ -64.742892808863814, 59.069725013752134 ], [ -64.7818114395252, 59.0735588724134 ], [ -64.793478974990308, 59.066475467927319 ], [ -64.828147521276207, 59.07203160901463 ], [ -64.826203323279742, 59.043225227928986 ], [ -64.838231842508605, 59.030919452868375 ], [ -64.83095397481128, 59.019557922911531 ], [ -64.861149769718963, 59.015919128639382 ], [ -64.870205971571124, 59.003779972624613 ], [ -64.866428205190005, 58.988612882381631 ], [ -64.840788346188617, 58.983057058891518 ], [ -64.834455199443369, 58.958056553069127 ], [ -64.888068975551732, 58.948862198427094 ], [ -64.889458200513843, 58.941639882706454 ], [ -64.862873521456038, 58.940417486755621 ], [ -64.859901388800495, 58.931306168185074 ], [ -64.833789081378427, 58.928611535849484 ], [ -64.832178125596386, 58.919694655330034 ], [ -64.817399671903502, 58.915055501634356 ], [ -64.762313599571598, 58.920444158882731 ], [ -64.745423703764061, 58.933222066004816 ], [ -64.759813244659085, 58.938277812167541 ], [ -64.732784185055664, 58.950194487678459 ], [ -64.650978295932305, 58.940638153934174 ], [ -64.627787001459865, 58.930888010043532 ], [ -64.612483782832953, 58.905470928073726 ], [ -64.563403509368072, 58.899720798048293 ], [ -64.548375437235052, 58.885609316681041 ], [ -64.517513153572111, 58.882497915555291 ], [ -64.460371163159436, 58.908359198205574 ], [ -64.424647554169553, 58.905025556590942 ], [ -64.423592280835862, 58.891525291091796 ], [ -64.416675465344838, 58.889330718980602 ], [ -64.386479339797631, 58.904053099500061 ], [ -64.353478290784494, 58.892969306701502 ], [ -64.305253706946871, 58.902024737830004 ], [ -64.239724347199228, 58.861051189032253 ], [ -64.228613402050428, 58.833383878907341 ], [ -64.236586196195674, 58.822605943141241 ], [ -64.226558257681404, 58.815744567109277 ], [ -64.243281585881959, 58.800994400300624 ], [ -64.231586914116406, 58.786605085002407 ], [ -64.205030391787318, 58.781354867116363 ], [ -64.175612272767069, 58.78804924436497 ], [ -64.172084819541453, 58.774298912198219 ], [ -64.146497725408892, 58.748409383590513 ], [ -64.077540938688458, 58.762742614370552 ], [ -64.074404945707897, 58.782715223878711 ], [ -64.041432937105981, 58.79343745440616 ], [ -64.040879995917066, 58.810854497134358 ], [ -63.998989845356903, 58.814465327399205 ], [ -63.973824778663754, 58.831548837738922 ], [ -63.948739816330999, 58.827826447469079 ], [ -63.899071500800176, 58.839326544126095 ], [ -63.864375998584933, 58.83390933308084 ], [ -63.839343578012517, 58.849578503979046 ], [ -63.807676458660183, 58.84857758781294 ], [ -63.797203043088018, 58.856994913738617 ], [ -63.799173776605812, 58.866357219955489 ], [ -63.783340660588181, 58.870745336388552 ], [ -63.785200070086091, 58.883913369799075 ], [ -63.731008102301928, 58.878992784412276 ], [ -63.712396029110948, 58.887492807538536 ], [ -63.68131157955429, 58.880881375910064 ], [ -63.679061827871806, 58.864325460561531 ], [ -63.657033285538375, 58.853769891643367 ], [ -63.580778086095677, 58.852466696927536 ], [ -63.504778588176521, 58.794406210134071 ], [ -63.489584289742368, 58.767461057924834 ], [ -63.466472303482362, 58.763655284168237 ], [ -63.499612709917301, 58.754766359126563 ], [ -63.504168832261769, 58.741793939376748 ], [ -63.550893147310603, 58.737988619742623 ], [ -63.557199176256745, 58.728266224807612 ], [ -63.584311235895882, 58.732294223557119 ], [ -63.632785855162638, 58.719488703429818 ], [ -63.658008988878976, 58.725822327134779 ], [ -63.681343549238875, 58.717266754136801 ], [ -63.698955222420807, 58.720044747920781 ], [ -63.71517849587957, 58.707044583339666 ], [ -63.747068406403514, 58.717489378940911 ], [ -63.786792658730519, 58.704600553492014 ], [ -63.80720996858463, 58.712684109645693 ], [ -63.864040407731352, 58.703989968894575 ], [ -63.888536900050667, 58.710962545192046 ], [ -63.921644805721542, 58.705851620523845 ], [ -63.949118623814343, 58.689351432088188 ], [ -64.043177780231701, 58.701741129044024 ], [ -64.079652468739653, 58.663629516452545 ], [ -64.080625075481976, 58.648407054187771 ], [ -64.106325051935073, 58.638295866079829 ], [ -64.145834443328454, 58.60623976879333 ], [ -64.090628421242229, 58.589322695667704 ], [ -64.114189813182122, 58.57951699896654 ], [ -64.102106630687899, 58.56259985465465 ], [ -64.088604940725872, 58.559016424035008 ], [ -64.07691256743459, 58.540015817744177 ], [ -64.059993695602714, 58.539349147354528 ], [ -64.03365855681551, 58.52284866720521 ], [ -64.019349891894706, 58.533348823002655 ], [ -63.994180212927404, 58.526848602868768 ], [ -63.952233627238456, 58.538181973587484 ], [ -63.945788647237976, 58.551043279151486 ], [ -63.932982421161626, 58.55276547042746 ], [ -63.915481291975652, 58.572487944536988 ], [ -63.86621024253941, 58.567903938575171 ], [ -63.866543776143089, 58.555542562058292 ], [ -63.851629382818373, 58.543236560952323 ], [ -63.858823395174625, 58.521736148162972 ], [ -63.853296839577979, 58.502569023100023 ], [ -63.813212051619587, 58.498985375321354 ], [ -63.810239568468944, 58.484207220119174 ], [ -63.844439103174523, 58.456429051487021 ], [ -63.84985637932715, 58.443623231479819 ], [ -63.882023017421545, 58.440678963800508 ], [ -63.886884976206261, 58.433623279924802 ], [ -63.912410718414321, 58.445373863642203 ], [ -63.985302800550642, 58.443235348300732 ], [ -63.995556155139241, 58.428957259969479 ], [ -64.011196472605434, 58.426235013246696 ], [ -64.012087039998278, 58.415456978409793 ], [ -64.028226859567553, 58.400984570164667 ], [ -64.029727949020071, 58.364567140985912 ], [ -64.104365713955929, 58.374151282104151 ], [ -64.121224672974904, 58.362762287646092 ], [ -64.150998255217985, 58.371234904282232 ], [ -64.166412981467829, 58.366151629119315 ], [ -64.169524819783135, 58.342873394352523 ], [ -64.181303218849507, 58.336678877805866 ], [ -64.173109810198753, 58.327289753257105 ], [ -64.179058133720162, 58.309039334462909 ], [ -64.189640052140248, 58.318150728044088 ], [ -64.195280108215854, 58.313678480425438 ], [ -64.197452069415192, 58.288205662433597 ], [ -64.181396848720397, 58.283594288448 ], [ -64.205037970198021, 58.27756655292626 ], [ -64.201233898139037, 58.269121925299942 ], [ -64.213485525768988, 58.263982984886127 ], [ -64.219155325527481, 58.246760377673013 ], [ -64.257907480976485, 58.223510173565614 ], [ -64.434443119012258, 58.198816352620781 ], [ -64.422692798126832, 58.193455012013942 ], [ -64.418192989293289, 58.181121392001899 ], [ -64.427166137651056, 58.158732088483134 ], [ -64.424305315858817, 58.141148438323796 ], [ -64.44311176627815, 58.131898354530279 ], [ -64.421084347347403, 58.082841636307705 ], [ -64.436751707237647, 58.078313879705149 ], [ -64.431307261223651, 58.068785863672133 ], [ -64.407362033796346, 58.062841150997826 ], [ -64.384833070326238, 58.070702267812749 ], [ -64.349109451008587, 58.069340884528401 ], [ -64.313132143910195, 58.058507182315225 ], [ -64.301907678325051, 58.046367974600287 ], [ -64.283764461830515, 58.045506796705581 ], [ -64.261397529466421, 58.065645980748855 ], [ -64.254646628950468, 58.041200966139513 ], [ -64.219977452239618, 58.034895084368088 ], [ -64.238228442400725, 58.029450670531901 ], [ -64.242145515193954, 58.019117128832249 ], [ -64.233895220348359, 58.017117053909828 ], [ -64.225620107219243, 57.98836638922262 ], [ -64.197066556220136, 57.973088096215747 ], [ -64.193408629831765, 57.93300380959937 ], [ -64.184937757477428, 57.924753633979378 ], [ -64.161103934855987, 57.923170102470237 ], [ -64.163599724540234, 57.942781635763936 ], [ -64.141739168185893, 57.942559290738529 ], [ -64.126825353648599, 57.921364272711799 ], [ -64.111658006739333, 57.924280915977022 ], [ -64.094019040027717, 57.916530569044767 ], [ -64.08707389351747, 57.931419753339355 ], [ -64.058234313276671, 57.922836277221904 ], [ -64.049788191402229, 57.931225356088362 ], [ -64.036839381614982, 57.909974939644201 ], [ -64.00902606539978, 57.905419391242219 ], [ -63.990995023344851, 57.915252884904419 ], [ -63.96929990374224, 57.903835840659497 ], [ -63.947326685026496, 57.904863532170964 ], [ -63.939465585416315, 57.892029888050388 ], [ -63.921325760448667, 57.89905768443964 ], [ -63.912492538806362, 57.912307902047758 ], [ -63.899744969584106, 57.912863248959127 ], [ -63.900968318893149, 57.856862133489813 ], [ -63.887526935536584, 57.838167063113929 ], [ -63.907885539482891, 57.828139408559935 ], [ -63.895167417970015, 57.818888923814995 ], [ -63.888699714783286, 57.800416180291847 ], [ -63.909892913567262, 57.796249609673907 ], [ -63.900536971982092, 57.776665606400456 ], [ -63.905097663769936, 57.753803964058761 ], [ -63.883181759691865, 57.715580771264399 ], [ -63.868625679822571, 57.710219455207323 ], [ -63.846541246014965, 57.719552864824436 ], [ -63.822704349312573, 57.713302707917535 ], [ -63.810645548455796, 57.688913426142221 ], [ -63.779441158675866, 57.694441468129924 ], [ -63.778495744722534, 57.724608790140849 ], [ -63.751487094546462, 57.727831256553316 ], [ -63.753210374727928, 57.702136270827168 ], [ -63.739320240337861, 57.683858115588578 ], [ -63.737015302098484, 57.662246492475276 ], [ -63.765631075287445, 57.650551765499472 ], [ -63.77049404980005, 57.659468647725987 ], [ -63.824645886065127, 57.647468149655879 ], [ -63.824865289377783, 57.635190150517815 ], [ -63.810915220032769, 57.621745507535934 ], [ -63.849060251561752, 57.617967727864823 ], [ -63.834690535310813, 57.596411804060153 ], [ -63.838940018023379, 57.589606190872303 ], [ -63.829186417435096, 57.583661619285294 ], [ -63.834743243498053, 57.56588348301392 ], [ -63.805241472743091, 57.554938652920157 ], [ -63.768268414446538, 57.526937905245518 ], [ -63.768213527287628, 57.496853989305407 ], [ -63.75587985291105, 57.487742630160938 ], [ -63.766658393687123, 57.478103580363097 ], [ -63.759491569349677, 57.47207562875343 ], [ -63.765464137158119, 57.468603426740742 ], [ -63.763019889301347, 57.454575368298606 ], [ -63.736272598539301, 57.428407882442571 ], [ -63.741438629499442, 57.419157809605622 ], [ -63.732940966790579, 57.416046525813272 ], [ -63.715469865062062, 57.438074538382807 ], [ -63.710832712371314, 57.432768816798443 ], [ -63.718668089041842, 57.409296166149318 ], [ -63.728943447136089, 57.409629600931112 ], [ -63.710616457783942, 57.397129125368735 ], [ -63.713840421656414, 57.385017774947698 ], [ -63.698039526268758, 57.366989426249859 ], [ -63.729789144371068, 57.358711745126755 ], [ -63.755210512663098, 57.341433707458577 ], [ -63.77376795665748, 57.338128177850479 ], [ -63.782042603250716, 57.348961884335324 ], [ -63.794293221081034, 57.348600812699431 ], [ -63.795241589645343, 57.336350503898984 ], [ -63.807437553637385, 57.325433691284218 ], [ -63.824794117324473, 57.349767741783978 ], [ -63.842824013205018, 57.346934428979864 ], [ -63.844772186452985, 57.333684088034545 ], [ -63.862689925304835, 57.324822943068455 ], [ -63.865718453148077, 57.29285014898403 ], [ -63.879052620181994, 57.284488941524842 ], [ -63.881053056160795, 57.265905251092647 ], [ -63.865747919698549, 57.222793238803092 ], [ -63.885360355036596, 57.196681711391705 ], [ -63.841552783292229, 57.206126067985906 ], [ -63.840191061534199, 57.229515416348875 ], [ -63.828329282044024, 57.237487693569676 ], [ -63.809939912343395, 57.225765098326008 ], [ -63.786911179758022, 57.229265075913929 ], [ -63.764271575957082, 57.221125839611545 ], [ -63.75966065089392, 57.201875441475011 ], [ -63.775411201220379, 57.205736729220575 ], [ -63.796078960929037, 57.194292232421788 ], [ -63.791884612210822, 57.181597451471248 ], [ -63.781939830736235, 57.178041764243744 ], [ -63.785384746039938, 57.168319376310819 ], [ -63.773855630187256, 57.154902352747911 ], [ -63.778966354089903, 57.150819035784764 ], [ -63.766993942785518, 57.143346545541135 ], [ -63.781519352362182, 57.12615178818146 ], [ -63.774740601611938, 57.102040128046326 ], [ -63.791100168691173, 57.115262716472273 ], [ -63.820226734654284, 57.080734136654883 ], [ -63.885672014114448, 57.090206892653839 ], [ -63.887642353848321, 57.082262258733351 ], [ -63.902254243623872, 57.077373372472721 ], [ -63.903615527596685, 57.06781763745488 ], [ -63.888920827971674, 57.053233954215727 ], [ -63.889088472369679, 57.013677626482377 ], [ -63.861643222867144, 56.997482748713082 ], [ -63.881061161929495, 56.977760226372993 ], [ -63.905534084556564, 56.988705040496598 ], [ -63.91206229691926, 56.984566086634857 ], [ -63.91509042402015, 56.973371432097622 ], [ -63.901617870927282, 56.962787791481958 ], [ -63.910508034926181, 56.926120339551574 ], [ -63.870565665175491, 56.898453064672083 ], [ -63.914787167377767, 56.876647169434136 ], [ -64.008266440374484, 56.859314223978004 ], [ -64.015408026732757, 56.846814080134266 ], [ -64.006404984134065, 56.838480413967829 ], [ -64.010767903618842, 56.830952598275644 ], [ -64.000180857334215, 56.826313379538476 ], [ -64.009934420111108, 56.818980113650412 ], [ -64.003015851619239, 56.793451606692258 ], [ -64.008045777241193, 56.778229124868403 ], [ -64.087572642804503, 56.767480367604605 ], [ -64.07732088661669, 56.755868967232004 ], [ -64.076237605527069, 56.735868518249163 ], [ -64.083989926227389, 56.732590866251371 ], [ -64.099184678207507, 56.746118997839289 ], [ -64.106879882211729, 56.730507578153777 ], [ -64.121408216019802, 56.732452172144349 ], [ -64.117158235495253, 56.720479735665663 ], [ -64.143159751881456, 56.703479612394801 ], [ -64.131464857247067, 56.701090587986243 ], [ -64.12885389147101, 56.690451484131131 ], [ -64.113908796266287, 56.686534666196565 ], [ -64.117770311167078, 56.678340061020833 ], [ -64.090462927673627, 56.662756205115556 ], [ -64.101739973394331, 56.655700548763775 ], [ -64.012938832746784, 56.660782520932514 ], [ -64.024609086864189, 56.65661605589429 ], [ -64.019107220742455, 56.650115823059309 ], [ -64.037945492167353, 56.643643832619205 ], [ -64.033804380133574, 56.630726920996551 ], [ -64.041860512556298, 56.620004601457822 ], [ -64.058084670880419, 56.6142546929849 ], [ -64.0427760637088, 56.60953216843609 ], [ -64.038607484262116, 56.596309690112093 ], [ -64.027995640786855, 56.600198567441964 ], [ -64.028328586388284, 56.591170639567679 ], [ -64.005382359350506, 56.592837137662059 ], [ -63.986576295624786, 56.573642211815411 ], [ -63.986159976499891, 56.561697530407343 ], [ -63.943547649126629, 56.539835223582372 ], [ -63.93796473355394, 56.526973817117948 ], [ -63.944133750980711, 56.495445463491762 ], [ -63.93224599451662, 56.47541709120668 ], [ -63.914855462242542, 56.464833203636033 ], [ -63.885937438886117, 56.472527628490298 ], [ -63.869715115659233, 56.446832623184605 ], [ -63.879632227903983, 56.444082595547684 ], [ -63.875187867984152, 56.434637931360612 ], [ -63.900438855828043, 56.438138207785755 ], [ -63.90957823182282, 56.434304849185253 ], [ -63.90730045150741, 56.426971305456675 ], [ -63.988990523257939, 56.410834167863243 ], [ -64.097215338677643, 56.429974163699285 ], [ -64.104183294985148, 56.444696560589364 ], [ -64.129438375397797, 56.431807760666345 ], [ -64.156379886414413, 56.44511357437392 ], [ -64.163107582081466, 56.42825231293881 ], [ -64.18335864230238, 56.429696897802103 ], [ -64.176748861351996, 56.422669026177914 ], [ -64.148109350615186, 56.420279944426113 ], [ -64.145998969778589, 56.40261301836 ], [ -64.122580678500526, 56.40444622144588 ], [ -64.097188714634228, 56.393723804193996 ], [ -64.113244599681764, 56.381445913476568 ], [ -64.14827657105667, 56.378668152205819 ], [ -64.1475262348672, 56.371640304880714 ], [ -64.128440575810487, 56.375279145704042 ], [ -64.12482839903447, 56.366862400772789 ], [ -64.097100756155498, 56.35697337479445 ], [ -64.105850989063015, 56.345556603964383 ], [ -64.090624137154748, 56.332111998503478 ], [ -64.146105688636339, 56.308833866441375 ], [ -64.149966512220658, 56.30083372870314 ], [ -64.075012498710009, 56.290166746317368 ], [ -64.09270779639661, 56.268638772578981 ], [ -64.12262645475505, 56.261166570500905 ], [ -64.090485464178641, 56.255777369068596 ], [ -64.016290199404466, 56.26786035403137 ], [ -63.973092976118096, 56.256803955584132 ], [ -63.941565733010691, 56.267275671155062 ], [ -63.909589867356658, 56.235246642210996 ], [ -63.906256561254224, 56.22669096690322 ], [ -63.915090340553945, 56.221718695905395 ], [ -63.866838204218254, 56.235301958535274 ], [ -63.860837969022782, 56.227774002899366 ], [ -63.870699638510587, 56.223801728670026 ], [ -63.8594216171075, 56.210607014784784 ], [ -63.87761709948046, 56.198412498816367 ], [ -64.014773588976027, 56.170219256461621 ], [ -64.04260561928055, 56.149246921255212 ], [ -64.027190470933931, 56.149163401663429 ], [ -64.032635221857504, 56.140524420366148 ], [ -64.00249894801442, 56.131884929633372 ], [ -64.016748347627299, 56.128051748491998 ], [ -64.005860388035956, 56.117884761391792 ], [ -64.017778133558409, 56.092939923310098 ], [ -64.060197150870636, 56.083551078154699 ], [ -64.038196344237974, 56.077689784235474 ], [ -64.031418479739159, 56.068217339519776 ], [ -64.035418896964472, 56.061689418479773 ], [ -64.012751166891292, 56.066411582445085 ], [ -64.016028872887432, 56.073522892365361 ], [ -64.009473074587902, 56.076078431229632 ], [ -63.946880286455666, 56.055827428011128 ], [ -63.938517322117832, 56.070216528108347 ], [ -63.931182734476238, 56.068244118310361 ], [ -63.930071184029089, 56.079716584267999 ], [ -63.915457487477283, 56.080494215812394 ], [ -63.917957507865083, 56.08891103338442 ], [ -63.907150901170326, 56.093633264644097 ], [ -63.889067041289479, 56.091133106185339 ], [ -63.871594710486477, 56.071521518642442 ], [ -63.847676779261405, 56.083410453395061 ], [ -63.826260178949383, 56.082604795088741 ], [ -63.820177576040976, 56.072882438207955 ], [ -63.832648989156269, 56.056576588330643 ], [ -63.827177362719397, 56.05402094143551 ], [ -63.839482727174072, 56.048687641860738 ], [ -63.797985788072594, 56.050548687103969 ], [ -63.730600408378507, 56.068020920111394 ], [ -63.691569728941261, 56.060964815363263 ], [ -63.669594146797067, 56.03957488327228 ], [ -63.683567596666535, 56.035713928667519 ], [ -63.67012163009332, 56.035796959321033 ], [ -63.671426789399959, 56.029546777545306 ], [ -63.688456303741418, 56.025546952934405 ], [ -63.641064152094259, 56.029768764223434 ], [ -63.633979895035509, 56.023601823601268 ], [ -63.615091226935988, 56.034463207887597 ], [ -63.609256991554446, 56.026129557047284 ], [ -63.575866449816829, 56.023018123399652 ], [ -63.504420785458649, 56.04474049071257 ], [ -63.445497483665463, 56.032544323013894 ], [ -63.461081385781938, 56.01171075243991 ], [ -63.491888547321366, 56.006627681732311 ], [ -63.467581238163518, 55.998654864290472 ], [ -63.473331865974956, 55.989710377607082 ], [ -63.486276935284081, 55.98854390626235 ], [ -63.508861356632622, 56.003544487992315 ], [ -63.561197317247377, 56.003989475239905 ], [ -63.578559002941745, 55.990906074465954 ], [ -63.60081002681568, 55.990322897293424 ], [ -63.625116999083161, 55.967017056815337 ], [ -63.664340745495508, 55.970684024251 ], [ -63.684760661779023, 55.960962135270393 ], [ -63.681704870719159, 55.949322909891464 ], [ -63.714765350426262, 55.949907098034316 ], [ -63.711848471826897, 55.940073499877769 ], [ -63.725378505652372, 55.930795876695015 ], [ -63.758826461059471, 55.936352136235996 ], [ -63.796910760328615, 55.92996334040123 ], [ -63.829246374898844, 55.909074411961058 ], [ -63.826940250648136, 55.897463112405092 ], [ -63.844607120676471, 55.888213061337751 ], [ -63.812049082460021, 55.859267906916557 ], [ -63.775547419702662, 55.855934278405527 ], [ -63.764240914971197, 55.846184080086573 ], [ -63.787213640691846, 55.837961930717597 ], [ -63.822298406302366, 55.838323209275075 ], [ -63.816020334983989, 55.830211920400188 ], [ -63.826576237097299, 55.828934241069817 ], [ -63.835604743024192, 55.815434045457778 ], [ -63.828243430935743, 55.809628305588831 ], [ -63.831993669797782, 55.804489394776908 ], [ -63.772157751128418, 55.809683599088885 ], [ -63.770935754976904, 55.795377890171324 ], [ -63.757879586494198, 55.797266758656633 ], [ -63.769630344905067, 55.789905534165996 ], [ -63.727851051370806, 55.779044113029499 ], [ -63.713628133647546, 55.780210756309089 ], [ -63.704905355105154, 55.790683129835315 ], [ -63.663736999324158, 55.791627395123669 ], [ -63.682238023285436, 55.777127216540862 ], [ -63.672126716111677, 55.765571453910468 ], [ -63.676377098253226, 55.75812692142847 ], [ -63.709545145844231, 55.754127054426419 ], [ -63.713989920622055, 55.749127011406983 ], [ -63.700711590580113, 55.744404640545667 ], [ -63.723573757066788, 55.737571304469668 ], [ -63.694933748192796, 55.732904399954009 ], [ -63.697933913446434, 55.727459953091795 ], [ -63.730768646981574, 55.724904441975639 ], [ -63.702517416803232, 55.723182098358222 ], [ -63.726685352092261, 55.709681968809775 ], [ -63.720823982057937, 55.705904141988412 ], [ -63.721768698174401, 55.691348429936568 ], [ -63.730296755779193, 55.68690385551804 ], [ -63.72488002272712, 55.679625967887148 ], [ -63.749797867571715, 55.671125900644597 ], [ -63.747464468378098, 55.662903474193058 ], [ -63.766743223060246, 55.654236831271874 ], [ -63.731519656540456, 55.651264432199355 ], [ -63.713852019862202, 55.659431228786275 ], [ -63.64209937544166, 55.643347426301034 ], [ -63.648877579949726, 55.635958386357231 ], [ -63.682629043475686, 55.636152925308238 ], [ -63.678545824937657, 55.625652679315863 ], [ -63.68640742486383, 55.616485857554494 ], [ -63.654628478250402, 55.606652139340383 ], [ -63.670045990105962, 55.599735381679523 ], [ -63.680852457810374, 55.575179375659104 ], [ -63.663573618827286, 55.567734730932671 ], [ -63.672379614132581, 55.565540340593884 ], [ -63.669157203773523, 55.557373533391626 ], [ -63.653378596085986, 55.555873423654248 ], [ -63.667712329688072, 55.538734347772163 ], [ -63.693353906097059, 55.538734427906661 ], [ -63.69127086344065, 55.510845075451982 ], [ -63.780253718321205, 55.473649946614273 ], [ -63.797809939585022, 55.473872274112352 ], [ -63.791726632190887, 55.464483217817758 ], [ -63.745641220584389, 55.454927227852409 ], [ -63.733723048505453, 55.439954759870886 ], [ -63.673325415060219, 55.423565869216532 ], [ -63.60601614389418, 55.430010096741796 ], [ -63.575238127046305, 55.422426365220986 ], [ -63.53424078887781, 55.427370186334372 ], [ -63.526574786086599, 55.419425463409141 ], [ -63.483131463461348, 55.42681395405333 ], [ -63.449713619117176, 55.420452503636398 ], [ -63.449241211388426, 55.412563502366027 ], [ -63.428822707508971, 55.402118953866022 ], [ -63.347265054957688, 55.417007395029486 ], [ -63.31940111316726, 55.409229580074054 ], [ -63.332011581989889, 55.390534991391235 ], [ -63.32242559860947, 55.364812617548409 ], [ -63.348453157830761, 55.357979431529088 ], [ -63.370343459071648, 55.362174040573734 ], [ -63.44315296569772, 55.342924074507437 ], [ -63.490299091639088, 55.349840550657632 ], [ -63.581608869368438, 55.339396556036661 ], [ -63.597221030641549, 55.331118680394468 ], [ -63.58899733961772, 55.32028518076072 ], [ -63.530635112588527, 55.324645929212124 ], [ -63.519884571585976, 55.310062240137654 ], [ -63.617606876629111, 55.295229471129744 ], [ -63.644190329274579, 55.286257294010454 ], [ -63.641217247253905, 55.279590581097182 ], [ -63.683691580007519, 55.266868388175112 ], [ -63.64990903288782, 55.251423607192976 ], [ -63.596768105560443, 55.253256622431422 ], [ -63.624963533124912, 55.241534396272073 ], [ -63.614574550057739, 55.228784115755843 ], [ -63.566379893399869, 55.243728428526424 ], [ -63.541021352875589, 55.225838997321375 ], [ -63.462685022058167, 55.25408919411484 ], [ -63.397259677579996, 55.250089373307276 ], [ -63.422873958989612, 55.240978062851639 ], [ -63.413289999963411, 55.237811341241922 ], [ -63.426654347437932, 55.225672028829592 ], [ -63.422766137473559, 55.216838523380659 ], [ -63.453271047926819, 55.202449185156809 ], [ -63.500580989163154, 55.202338115185285 ], [ -63.55399321432003, 55.188949637545136 ], [ -63.550160420254372, 55.172782633650229 ], [ -63.530051046539313, 55.174143601023502 ], [ -63.525773901269019, 55.168032329901791 ], [ -63.575963711208203, 55.152365929545056 ], [ -63.566908437751465, 55.139004434319816 ], [ -63.59746391279964, 55.126309995933639 ], [ -63.58151879691485, 55.105781749842549 ], [ -63.621909197499235, 55.09369842613313 ], [ -63.605825282639614, 55.081253706709617 ], [ -63.610631304784931, 55.065864556867552 ], [ -63.573268991068062, 55.053058593529613 ], [ -63.576491513399048, 55.044891780335547 ], [ -63.566685813890786, 55.034169341333268 ], [ -63.597464992358596, 55.021169366399022 ], [ -63.598409671180605, 55.013558138471296 ], [ -63.554296997808706, 55.000113209476467 ], [ -66.259613209454983, 55.000100583419112 ], [ -66.286307904532634, 55.030879471040805 ], [ -66.310363650536317, 55.041018709963907 ], [ -66.426368090168978, 55.135741598700349 ], [ -66.449563395330529, 55.144380815779471 ], [ -66.493675875436338, 55.202688675720538 ], [ -66.50978749399917, 55.20127197362126 ], [ -66.506148441488563, 55.192382722638456 ], [ -66.514121410687267, 55.189354900463115 ], [ -66.546621933184952, 55.234523609825033 ], [ -66.568123052607461, 55.236273800069512 ], [ -66.615622098125073, 55.276830111773847 ], [ -66.625399897323121, 55.276329984771962 ], [ -66.61867785402859, 55.265329897696461 ], [ -66.640955594294837, 55.26741307848522 ], [ -66.656928094246894, 55.252468309676601 ], [ -66.672067717153539, 55.272218669065069 ], [ -66.698071380330475, 55.285608298431782 ], [ -66.703432098738688, 55.2959695801149 ], [ -66.694708348153313, 55.301386166864688 ], [ -66.704374791527925, 55.312914171043815 ], [ -66.720347076215603, 55.321803237977406 ], [ -66.734932355873411, 55.317553337815639 ], [ -66.740791360121932, 55.32983110482246 ], [ -66.778270579344905, 55.35097048484937 ], [ -66.806663246292317, 55.356943076720199 ], [ -66.81624624541945, 55.352804401544461 ], [ -66.815104898698223, 55.343804515012607 ], [ -66.792881653007782, 55.315637560106381 ], [ -66.828299018432233, 55.326693757541079 ], [ -66.816578940864417, 55.310526872540095 ], [ -66.821191262221873, 55.305749116255981 ], [ -66.79211128646034, 55.278859757725968 ], [ -66.696574810608638, 55.222385047485773 ], [ -66.667964956978381, 55.176744747975931 ], [ -66.716493431775234, 55.208135086419475 ], [ -66.75183055704963, 55.210830211979044 ], [ -66.746355562377516, 55.198524072107091 ], [ -66.731103895465708, 55.191606923644031 ], [ -66.75777148859936, 55.18471820098506 ], [ -66.749961879159059, 55.153356155171707 ], [ -66.739545987236909, 55.144939319598848 ], [ -66.767048907861408, 55.147773185954691 ], [ -66.773105753445407, 55.13943991069408 ], [ -66.762465023130574, 55.13666190011412 ], [ -66.766715858245277, 55.130495297375091 ], [ -66.689271992015506, 55.0618819382222 ], [ -66.747076649387338, 55.091050279634601 ], [ -66.750076896299845, 55.086272574816519 ], [ -66.728299186404683, 55.061104897089763 ], [ -66.726548782733857, 55.0439099622904 ], [ -66.700104128755072, 55.029297970434982 ], [ -66.684409844442712, 55.033214511636515 ], [ -66.665242802477565, 55.024214031242309 ], [ -66.643240793420944, 55.000102198081436 ], [ -66.695742131883549, 55.005186259791913 ], [ -66.724381112126878, 55.000214292135865 ], [ -66.745603710111084, 55.008353719540082 ], [ -66.750048072503432, 55.000103620976176 ], [ -67.218817770550174, 55.000107039014608 ], [ -67.286931601221568, 55.028107505536923 ], [ -67.267485958443899, 55.033940877144005 ], [ -67.270346885798801, 55.051718734898486 ], [ -67.25637411893473, 55.046802120454686 ], [ -67.259735230719627, 55.052163252093237 ], [ -67.251817977991095, 55.056079974634372 ], [ -67.273235612765063, 55.073468909958024 ], [ -67.329211286694942, 55.088607650172889 ], [ -67.345406520708536, 55.083329849102199 ], [ -67.368963092594299, 55.090302333839531 ], [ -67.389213981303783, 55.079052321676102 ], [ -67.412853886034497, 55.093691531157674 ], [ -67.420770901409867, 55.080219113205601 ], [ -67.440133290276606, 55.073802484062412 ], [ -67.433216331033464, 55.059302455499278 ], [ -67.452273100418097, 55.063774755256873 ], [ -67.464635056835448, 55.047469258349849 ], [ -67.420854764209878, 55.033524613321674 ], [ -67.439467253991268, 55.024108083201895 ], [ -67.440272893688643, 55.012746976074652 ], [ -67.413493522323449, 55.007135739688579 ], [ -67.417243844849395, 55.00013571553194 ], [ -70.029882572976987, 55.000135977808554 ], [ -70.029889608212386, 52.832087812700593 ], [ -70.060423339658655, 52.823061472699806 ], [ -70.09103279369026, 52.82871507204743 ], [ -70.100112696055817, 52.818550116448421 ], [ -70.127352769308857, 52.810498021600267 ], [ -70.113532930772919, 52.802331717018205 ], [ -70.155963184281404, 52.779203358842381 ], [ -70.158019118544473, 52.754875791086704 ], [ -70.123012782802505, 52.751791827643501 ], [ -70.152022928768758, 52.739799501256471 ], [ -70.173095526676718, 52.719183649071624 ], [ -70.189885112919455, 52.727293069788061 ], [ -70.224548937741815, 52.703307894806812 ], [ -70.201763280624618, 52.703422214857142 ], [ -70.19730892290977, 52.673840780506907 ], [ -70.180804913611325, 52.662876248979046 ], [ -70.199079074327358, 52.64728612600743 ], [ -70.206617422438001, 52.662762019543891 ], [ -70.224206226677552, 52.656708627869875 ], [ -70.228318243810236, 52.634436892167628 ], [ -70.213241961426831, 52.623529390680915 ], [ -70.200963696718588, 52.628326520047153 ], [ -70.178920361275743, 52.621930503004251 ], [ -70.169669053109715, 52.603941585881046 ], [ -70.178806020498257, 52.595033055774024 ], [ -70.190684553457459, 52.601828695521476 ], [ -70.201706161151719, 52.593376809608401 ], [ -70.201192224990336, 52.583725809490204 ], [ -70.224263342879794, 52.579328460148474 ], [ -70.242708985221611, 52.559855241160051 ], [ -70.23414293037024, 52.559569401716374 ], [ -70.229802700062635, 52.549004809625842 ], [ -70.207074241102134, 52.554601238376449 ], [ -70.204218808480562, 52.539068240678773 ], [ -70.172981365334749, 52.542780077009525 ], [ -70.1847455504099, 52.52827488978204 ], [ -70.182575178297213, 52.520108574285132 ], [ -70.21895254039049, 52.485159037056405 ], [ -70.223692342262268, 52.46288718150123 ], [ -70.258984525415485, 52.454092758461115 ], [ -70.261326106248191, 52.439930112434126 ], [ -70.289822243987544, 52.418458047062927 ], [ -70.273090131775348, 52.421713189448212 ], [ -70.269092650688663, 52.412176114407259 ], [ -70.232029934764455, 52.418400783500829 ], [ -70.231573154288526, 52.408578628989972 ], [ -70.251503411439558, 52.402525104336689 ], [ -70.267836007864446, 52.386249721066577 ], [ -70.261154770634619, 52.37419994581893 ], [ -70.278686694660564, 52.353070389692675 ], [ -70.286738334817301, 52.358038647978333 ], [ -70.313693117509217, 52.343362118561288 ], [ -70.412716795377492, 52.332740400931755 ], [ -70.482013678038641, 52.303945326492055 ], [ -70.494389325751399, 52.314545141950305 ], [ -70.538340002978885, 52.300750441990203 ], [ -70.546134432719214, 52.316450640062328 ], [ -70.559851046036215, 52.317121283427525 ], [ -70.635397629870738, 52.286336140759943 ], [ -70.698784061214667, 52.280960470644118 ], [ -70.728424537400315, 52.257794682572637 ], [ -70.772306057961885, 52.242332557343957 ], [ -70.783571081081561, 52.246073474067714 ], [ -70.792275564174645, 52.233678726260223 ], [ -70.825558391191805, 52.247701291228793 ], [ -70.805410235025477, 52.258544063014426 ], [ -70.806851262208056, 52.273575336714828 ], [ -70.834452677951788, 52.275706599484636 ], [ -70.854262395175283, 52.267437500136452 ], [ -70.881018687776191, 52.278978001270389 ], [ -70.929017767518303, 52.22689907850912 ], [ -70.944527180761042, 52.230611224738425 ], [ -70.933832675049302, 52.239983416721259 ], [ -70.942726765619909, 52.24071812095616 ], [ -70.990233280395728, 52.21929296894308 ], [ -71.015166534685989, 52.220467318129693 ], [ -71.046994552568776, 52.208559779718939 ], [ -71.077021649366998, 52.211352460209355 ], [ -71.095324661083453, 52.192755709933977 ], [ -71.093339862588664, 52.180186059587641 ], [ -71.140346826311259, 52.166697601679687 ], [ -71.158465942498651, 52.149975115849315 ], [ -71.147182925309835, 52.143800931662099 ], [ -71.164383221128787, 52.119213188832077 ], [ -71.189853062461225, 52.114876257095148 ], [ -71.200971818622236, 52.09131548455224 ], [ -71.250263046222415, 52.066007520793278 ], [ -71.265350359871945, 52.037768716693563 ], [ -71.206599369705771, 52.039486030044316 ], [ -71.228847308731588, 52.01818994268001 ], [ -71.251590820646527, 52.017835883544933 ], [ -71.272038827688334, 51.992678824746804 ], [ -71.306620968385971, 51.971610647225702 ], [ -71.312812003738429, 51.941059238383048 ], [ -71.330932226095285, 51.917282494374206 ], [ -71.351490679935807, 51.909001840366557 ], [ -71.377474447139605, 51.848468213271303 ], [ -71.40316589501515, 51.836535206478288 ], [ -71.417874163508429, 51.8441182277395 ], [ -71.45945080182895, 51.832691301644957 ], [ -71.484570739665799, 51.839416138040917 ], [ -71.502092857951425, 51.827650005682358 ], [ -71.531539268847496, 51.835453294575814 ], [ -71.543607002689726, 51.8211413564797 ], [ -71.574183594959493, 51.814196502991308 ], [ -71.574501962045815, 51.793477546427198 ], [ -71.551637211738296, 51.789169887684977 ], [ -71.572840617864358, 51.778232933787024 ], [ -71.583425976140859, 51.759097072803797 ], [ -71.577804876228754, 51.740375507982378 ], [ -71.610667446443699, 51.692744197442323 ], [ -71.601820379146261, 51.692701598995768 ], [ -71.596978498146825, 51.68039470934599 ], [ -71.608331212158532, 51.665381274069318 ], [ -71.596972730180539, 51.658653091492056 ], [ -71.591237889150079, 51.63428954368419 ], [ -71.601579486881462, 51.61701535002527 ], [ -71.597670690265772, 51.592453068848442 ], [ -71.576518044758416, 51.588369730897284 ], [ -71.590801096209475, 51.547397932881097 ], [ -71.573459307786436, 51.542578070255104 ], [ -71.571256359186975, 51.523876711664855 ], [ -71.580680088210443, 51.508748116118966 ], [ -71.626305559708442, 51.504917142896375 ], [ -71.645223203311275, 51.47625246526934 ], [ -71.660009041691183, 51.477098401229 ], [ -71.686086662123898, 51.44335072013115 ], [ -71.706026800931681, 51.43981793275583 ], [ -71.711954821545987, 51.42815100265841 ], [ -71.685928501703245, 51.414514349906369 ], [ -71.68793189713989, 51.401459025141094 ], [ -71.700148128808735, 51.396217733499839 ], [ -71.724281353809488, 51.35886759376308 ], [ -71.737487027139139, 51.358136046358766 ], [ -71.756300369151006, 51.339186720477869 ], [ -71.768706807487604, 51.339872546548122 ], [ -71.761222822545164, 51.358221558364562 ], [ -71.774639920852451, 51.369181899617843 ], [ -71.80376067848772, 51.352053997382086 ], [ -71.815246669636565, 51.358053471347546 ], [ -71.821280149824474, 51.373384685080055 ], [ -71.834035400223115, 51.367038768397094 ], [ -71.83621386290929, 51.353102013290822 ], [ -71.868619034664221, 51.343983305762549 ], [ -71.874676051324627, 51.33380214483384 ], [ -71.864351828359361, 51.32475364527869 ], [ -71.882372706998922, 51.302032014961014 ], [ -71.871047539865856, 51.294546797683552 ], [ -71.870120311300184, 51.277878975881833 ], [ -71.88490766145344, 51.271018976490893 ], [ -71.903702820626393, 51.278022504463024 ], [ -71.931866547968752, 51.275410434941307 ], [ -71.958278238532444, 51.24317253816821 ], [ -71.980820529193579, 51.244231416077696 ], [ -71.980842257085499, 51.233019800231489 ], [ -71.991243461538943, 51.230642722087737 ], [ -71.97786617960486, 51.211628790892689 ], [ -72.001433035670459, 51.223281039820392 ], [ -72.012993551621378, 51.220198781014176 ], [ -72.005032425942773, 51.214152197375199 ], [ -72.013072301179363, 51.197143743662934 ], [ -71.997298649277297, 51.193534576198147 ], [ -72.001800455501268, 51.174532312923247 ], [ -72.029416936760072, 51.176252176758396 ], [ -72.021558467506225, 51.170006347783328 ], [ -72.02570714229131, 51.155735427141281 ], [ -72.018682532877847, 51.13872283565621 ], [ -72.074140566569952, 51.150687671662467 ], [ -72.105885808650783, 51.118227940819338 ], [ -72.107428723451505, 51.105159803335198 ], [ -72.116314045001559, 51.102935114656077 ], [ -72.130926251135008, 51.074464330364492 ], [ -72.14471402719596, 51.069418869200263 ], [ -72.137889325543256, 51.053238073845819 ], [ -72.155804936778452, 51.032114316146192 ], [ -72.159853409289326, 51.01078870604988 ], [ -72.15238366293795, 51.005371366964084 ], [ -72.161065948739065, 50.990609662410805 ], [ -72.156027500507321, 50.978592714760509 ], [ -72.197975992391378, 50.990417843475655 ], [ -72.186494303105405, 51.014025262996938 ], [ -72.191667192447767, 51.029393868435534 ], [ -72.222817636175989, 51.025204799840196 ], [ -72.232564965978952, 51.006851236266414 ], [ -72.261556930901577, 51.003590719000101 ], [ -72.267177267055672, 50.998536472640865 ], [ -72.260032927130965, 50.972542316925285 ], [ -72.269595334337396, 50.951076254883105 ], [ -72.293515819976108, 50.952506994889575 ], [ -72.302207494422873, 50.91626237177752 ], [ -72.339739183559004, 50.885669226339587 ], [ -72.378226629827282, 50.888110075453881 ], [ -72.383027839969202, 50.869570685037786 ], [ -72.376287054039324, 50.856003207062372 ], [ -72.397509811883765, 50.813325279625531 ], [ -72.43650441900138, 50.791404569185602 ], [ -72.436482965098264, 50.783028885178624 ], [ -72.470280017219295, 50.784273812598656 ], [ -72.480711567244668, 50.750879134025638 ], [ -72.502167861783448, 50.755874060282224 ], [ -72.510429795782102, 50.748418535001861 ], [ -72.509322655912797, 50.759641262328159 ], [ -72.530643331767806, 50.74298129165885 ], [ -72.532589858173651, 50.767361580877434 ], [ -72.573375832499437, 50.750117395743587 ], [ -72.55451981832158, 50.802499077115726 ], [ -72.563287566227416, 50.808274733265193 ], [ -72.567730925734224, 50.832151161380693 ], [ -72.549360926299471, 50.858435093976425 ], [ -72.567190839113721, 50.885429230729187 ], [ -72.576249593657394, 50.880436797819073 ], [ -72.567973709630962, 50.871907828732162 ], [ -72.577454046137177, 50.859754792783576 ], [ -72.598676865332664, 50.837092940013576 ], [ -72.607856772287391, 50.836382328093521 ], [ -72.600466470112849, 50.832265108534614 ], [ -72.609365254824354, 50.831175972273797 ], [ -72.601918743365161, 50.825330607524961 ], [ -72.608426916605822, 50.806179753088315 ], [ -72.625065000772338, 50.792006306517578 ], [ -72.626580739706355, 50.776127241037273 ], [ -72.640735318064628, 50.772082861016713 ], [ -72.648286737839896, 50.747648244154448 ], [ -72.658426066764889, 50.75268022356164 ], [ -72.675510700484097, 50.743936505523322 ], [ -72.68499595519387, 50.754249406347299 ], [ -72.683127085144406, 50.765179504724983 ], [ -72.703726555891535, 50.781506467216445 ], [ -72.731350348729734, 50.761784250765572 ], [ -72.733360580402973, 50.775566483747468 ], [ -72.722248832699051, 50.784797223576675 ], [ -72.727897742166988, 50.791816693768965 ], [ -72.722162721569362, 50.798718593103501 ], [ -72.743575636435651, 50.795054784765398 ], [ -72.752005133560431, 50.820910537914926 ], [ -72.782258877677521, 50.825513901808336 ], [ -72.857900681641297, 50.812444509634702 ], [ -72.878144108072263, 50.805846951618719 ], [ -72.903206820267826, 50.768188250829496 ], [ -72.934312324222617, 50.762943434103647 ], [ -72.927665318527602, 50.751353456851973 ], [ -72.940964053641437, 50.713409452546273 ], [ -72.950845031451706, 50.718122887846675 ], [ -72.996941129328775, 50.670042483920497 ], [ -73.014584899640283, 50.673241866934177 ], [ -73.044625933806969, 50.654459722823731 ], [ -73.051688608955317, 50.656546213331922 ], [ -73.048179184963828, 50.667054114777955 ], [ -73.039873478966797, 50.669310064484648 ], [ -73.023141474548481, 50.697911788954571 ], [ -73.058611755593233, 50.709103579953251 ], [ -73.074634995789609, 50.704459064813477 ], [ -73.079714572659839, 50.714364315439411 ], [ -73.074587124246818, 50.725908201901234 ], [ -73.088271086185841, 50.739565805879522 ], [ -73.104828116825843, 50.738422159372419 ], [ -73.107824158045332, 50.751722722053501 ], [ -73.130042162051268, 50.743758115592755 ], [ -73.147072425576994, 50.750542239321476 ], [ -73.17223103096876, 50.729347718144084 ], [ -73.183699247213667, 50.701483754462288 ], [ -73.204381535315633, 50.705839381129977 ], [ -73.250414842093278, 50.69242439809409 ], [ -73.269300447387025, 50.657542056057025 ], [ -73.257017001300426, 50.652160213998798 ], [ -73.29535952203122, 50.628720316093279 ], [ -73.294619867817346, 50.617954706712794 ], [ -73.306951358518347, 50.607782093045103 ], [ -73.310137088461033, 50.577232657308286 ], [ -73.335458134576811, 50.578364881520088 ], [ -73.355032715810864, 50.543040079038008 ], [ -73.353071595532072, 50.533119569677524 ], [ -73.373632025277743, 50.530535981591129 ], [ -73.371198706969096, 50.522039878284204 ], [ -73.385489005095906, 50.515263325214391 ], [ -73.401545772128657, 50.480874147846976 ], [ -73.399830569473295, 50.468064478265376 ], [ -73.414559964200237, 50.462416044486019 ], [ -73.457256807485351, 50.405219571209955 ], [ -73.459726961931779, 50.368210812327789 ], [ -73.477584184279863, 50.368736028423655 ], [ -73.486034764580722, 50.400580425687508 ], [ -73.494313997866698, 50.381542842221904 ], [ -73.507844651983135, 50.385160317146131 ], [ -73.57361514593191, 50.359636563220306 ], [ -73.583953516524389, 50.371644621578412 ], [ -73.574045147740094, 50.396619625569713 ], [ -73.58048007350061, 50.407893872365094 ], [ -73.593429194707824, 50.403465048617875 ], [ -73.609799549912111, 50.386015556211817 ], [ -73.611694686705903, 50.365134067568192 ], [ -73.609765067721867, 50.356434502020818 ], [ -73.594997076396282, 50.349585265215353 ], [ -73.612197190982954, 50.338912679653902 ], [ -73.618824595761453, 50.305566545087572 ], [ -73.632119157741954, 50.286402210140693 ], [ -73.678428817952181, 50.237893924033472 ], [ -73.67228712058818, 50.226228016680636 ], [ -73.684497464680987, 50.211683737271699 ], [ -73.732855974274344, 50.216358690052175 ], [ -73.745342548141821, 50.231744567368537 ], [ -73.770337074998679, 50.215326459940457 ], [ -73.785067021302268, 50.187813524089449 ], [ -73.783966483039876, 50.170043027502686 ], [ -73.769990098882033, 50.155059675410484 ], [ -73.792289462709334, 50.135953967053752 ], [ -73.774629130217363, 50.120027505234191 ], [ -73.78990289105792, 50.101415269987854 ], [ -73.777062009824306, 50.082732912778681 ], [ -73.787170982234841, 50.056495629589563 ], [ -73.822325741018858, 50.01386119797013 ], [ -73.851724387412673, 50.011196905065788 ], [ -73.847363470659275, 49.999728942555009 ], [ -73.857214626897928, 49.992246034608002 ], [ -73.866107485422731, 49.965067185723683 ], [ -73.890074272564618, 49.960479525527376 ], [ -73.908949420958947, 49.929450441613199 ], [ -73.904210605055255, 49.910164698495691 ], [ -73.912213719071985, 49.892655828979514 ], [ -73.920078134840026, 49.89252155392569 ], [ -73.955236462836694, 49.843923134460795 ], [ -73.983059113336992, 49.833356400049752 ], [ -74.000271383666302, 49.808025542077701 ], [ -74.016589415838837, 49.801872518293521 ], [ -74.016619361218318, 49.735327510013235 ], [ -74.098418152827321, 49.735391377151871 ], [ -74.11122165117996, 49.719616641184757 ], [ -74.110233214767163, 49.706164152359634 ], [ -74.141625457503551, 49.679537938847261 ], [ -74.181497511497128, 49.679182617449328 ], [ -74.191328438962842, 49.655704732222091 ], [ -74.184394185418682, 49.645781229362854 ], [ -74.198506248540127, 49.610178317685211 ], [ -74.224981784704767, 49.585699509134542 ], [ -74.228219339113878, 49.568859894504158 ], [ -74.252650533795247, 49.56710252804487 ], [ -74.25210639153039, 49.545628399083284 ], [ -74.268428964344992, 49.523812974019904 ], [ -74.247899075087162, 49.518196628081682 ], [ -74.254526963323201, 49.511968346041385 ], [ -74.297315933183768, 49.484276247992909 ], [ -74.335809920349391, 49.476242474087428 ], [ -74.321526413562879, 49.492496446446751 ], [ -74.340895822006701, 49.505129842734789 ], [ -74.393706640652965, 49.474782579700559 ], [ -74.387205210437287, 49.458331912198901 ], [ -74.374236836621208, 49.456721223371233 ], [ -74.374935469729849, 49.442799013060096 ], [ -74.405427831937118, 49.428230695148216 ], [ -74.405721195369949, 49.391922276180821 ], [ -74.415701619343963, 49.382013009379591 ], [ -74.393395345015279, 49.36999114004152 ], [ -74.432853518167406, 49.323846801967193 ], [ -74.409456279189612, 49.314205756408853 ], [ -74.399125807501946, 49.321417867843309 ], [ -74.374842676398146, 49.316433385651692 ], [ -74.381230224142655, 49.301656720693586 ], [ -74.335133189024987, 49.288233525740679 ], [ -74.330148543198845, 49.283213720877143 ], [ -74.336133413721313, 49.272237177235127 ], [ -74.315477305637046, 49.272806244786636 ], [ -74.310702377359121, 49.258078990545073 ], [ -74.303400628736597, 49.283450645066068 ], [ -74.294565335895072, 49.289091523941522 ], [ -74.289072709885829, 49.279994288218745 ], [ -74.283372270222856, 49.287851582893211 ], [ -74.270418421796762, 49.286834978218792 ], [ -74.266049319903061, 49.273289150110145 ], [ -74.250077570844439, 49.280603381269941 ], [ -74.249555783728283, 49.289991107359413 ], [ -74.229446549667216, 49.281585062156012 ], [ -74.227217546919007, 49.217122300166011 ], [ -74.243969846659581, 49.20409990679417 ], [ -74.239317059712903, 49.195388708476116 ], [ -74.253005301323128, 49.170909628689628 ], [ -74.244248497581907, 49.16424701039324 ], [ -74.250473217226784, 49.15952837478676 ], [ -74.244213630860315, 49.136229628936974 ], [ -74.264421198000264, 49.137374609558378 ], [ -74.267026980332389, 49.104149317523934 ], [ -74.280046557619414, 49.100081852398546 ], [ -74.273300938335296, 49.08923137110412 ], [ -74.278150228280424, 49.070190957895477 ], [ -74.288229004038669, 49.068431237275092 ], [ -74.291987403599137, 49.04209168290015 ], [ -74.306853411914176, 49.041119023626663 ], [ -74.297722550762558, 49.026670481799556 ], [ -74.303257140712617, 49.013997280071465 ], [ -74.288139029125034, 49.009402411744588 ], [ -74.285232517440363, 48.990586158938413 ], [ -74.300100541175823, 48.975051892237161 ], [ -74.334945817545588, 48.966531324839593 ], [ -74.332862394189419, 48.921140025576676 ], [ -74.362302195330415, 48.917892999436219 ], [ -74.354453572891089, 48.935038417938642 ], [ -74.369298915249146, 48.93892044868528 ], [ -74.390160873982381, 48.936000413519594 ], [ -74.40237949710297, 48.92221786200389 ], [ -74.417807101993901, 48.935172213111059 ], [ -74.441019494041484, 48.932035376291992 ], [ -74.450024461043256, 48.942627470344689 ], [ -74.435990268152239, 48.951564520822842 ], [ -74.442601733617039, 48.975099662126183 ], [ -74.453479291607721, 48.971619901352256 ], [ -74.459206901506207, 48.95630201767807 ], [ -74.481068235004159, 48.93689975305756 ], [ -74.504776202898711, 48.926038669015099 ], [ -74.523172185272472, 48.946138638804655 ], [ -74.519240060537015, 48.9527834542547 ], [ -74.539477727895303, 48.963718418877363 ], [ -74.532635888312768, 48.976721035874334 ], [ -74.553855727555401, 48.987148731706668 ], [ -74.554259976518949, 49.000328406859353 ], [ -74.562290088615669, 49.001562629175851 ], [ -74.587583971785421, 48.994130461657448 ], [ -74.592170177219657, 48.968798345543178 ], [ -74.607944695645187, 48.962217750269133 ], [ -74.676276139983031, 49.000100624293736 ], [ -78.752872764291908, 49.000081443165243 ], [ -78.752881955261842, 49.009161391179305 ], [ -78.862215623305758, 49.009554854303417 ], [ -78.903250450086091, 49.009516908322325 ], [ -78.903261518147588, 48.999644834272715 ], [ -78.949936171296542, 48.999722744489134 ], [ -79.053471051370991, 48.99998624859262 ], [ -79.053526083777001, 49.009313773271515 ], [ -79.517769790344062, 49.009120322999365 ], [ -79.518512079963216, 51.568217141608386 ], [ -79.506928233257497, 51.575189483985639 ], [ -79.518512004169111, 51.583300718116561 ], [ -79.474174831158962, 51.601189831090267 ], [ -79.429505787775952, 51.638634683261046 ], [ -79.404088544951264, 51.64452358471533 ], [ -79.395088771692883, 51.658218147434582 ], [ -79.33258632109812, 51.667718208444398 ], [ -79.30600181654313, 51.681023840987223 ], [ -79.303251731078603, 51.658301292131 ], [ -79.284445496213664, 51.644967719705676 ], [ -79.217775812299578, 51.645300946877001 ], [ -79.219609392500161, 51.620078400430032 ], [ -79.240082581755814, 51.594078141289515 ], [ -79.242887978214924, 51.575883554846143 ], [ -79.223135971409306, 51.546577673849015 ], [ -79.206357203616278, 51.538466479667306 ], [ -79.153937541973335, 51.52610517332613 ], [ -79.097906647454749, 51.537938653077049 ], [ -78.979669903040758, 51.461535537323698 ], [ -78.812368134671203, 51.454852920401095 ], [ -78.801200997811691, 51.472686441668088 ], [ -78.828530475077457, 51.5120428926557 ], [ -78.816020034054247, 51.534551329468059 ], [ -78.848571851036695, 51.611808683888057 ], [ -78.889200230400263, 51.640818699607337 ], [ -78.930501226281763, 51.647974682747417 ], [ -78.944668029022637, 51.660447194544815 ], [ -78.938666120267044, 51.674791867771319 ], [ -78.944426425915083, 51.692014913499918 ], [ -78.992053088036926, 51.703718179412078 ], [ -78.997470469871871, 51.732668086420233 ], [ -79.017797221869898, 51.742994006273591 ], [ -79.035519470075656, 51.74171688977998 ], [ -79.048630332300718, 51.763300956128262 ], [ -78.966101455610783, 51.802521500430316 ], [ -78.89628820444193, 51.901303687866573 ], [ -78.90209381785462, 51.907554012770959 ], [ -78.890370634264968, 51.917193294072661 ], [ -78.885120356264224, 51.940026961398985 ], [ -78.892231725384363, 51.946804789251019 ], [ -78.885336216617475, 51.957489575400416 ], [ -78.850452047959322, 51.94338801152395 ], [ -78.804202863827356, 51.956026486166991 ], [ -78.701083951927387, 52.030303375696121 ], [ -78.726934140044307, 52.048955967962229 ], [ -78.722393717167677, 52.052692227457612 ], [ -78.707292780610032, 52.047549128208402 ], [ -78.664617151801053, 52.054582128200707 ], [ -78.651282757751744, 52.072137917741202 ], [ -78.662095125715837, 52.076700390819155 ], [ -78.596502283547125, 52.108193770385242 ], [ -78.550218202433939, 52.184847314685442 ], [ -78.555664874196907, 52.207639161014299 ], [ -78.576246357722823, 52.208789513236638 ], [ -78.5832099251719, 52.25287697656205 ], [ -78.557754382319786, 52.270248411896887 ], [ -78.566862985395744, 52.288593618605091 ], [ -78.520713612450436, 52.312997957122775 ], [ -78.516020262017321, 52.331029996135499 ], [ -78.52118681296173, 52.350808109721129 ], [ -78.538986950009075, 52.351475436007263 ], [ -78.544323477745934, 52.370816005211225 ], [ -78.583633849243881, 52.395619549205549 ], [ -78.588134629308001, 52.416642335032918 ], [ -78.574429258562418, 52.429657024376752 ], [ -78.577326443729135, 52.438784402345561 ], [ -78.555688722220793, 52.453170570376642 ], [ -78.570683049573631, 52.485406323168718 ], [ -78.567939057481681, 52.500143804939285 ], [ -78.586300978106181, 52.504560707818655 ], [ -78.589523319427087, 52.517227564899372 ], [ -78.673248922701589, 52.513644351978371 ], [ -78.767961591399398, 52.542173381027567 ], [ -78.764831100006802, 52.569671600763797 ], [ -78.767131125929154, 52.576979994974351 ], [ -78.774603956093245, 52.575612163717039 ], [ -78.768246712171106, 52.582637276513765 ], [ -78.77710747987328, 52.596505552861686 ], [ -78.778564785659967, 52.621895180487058 ], [ -78.821545642785168, 52.640600374675103 ], [ -78.815434367492799, 52.642156003755986 ], [ -78.827911194312492, 52.672541988441537 ], [ -78.827506447323856, 52.699147445911706 ], [ -78.857128170950375, 52.72572413371671 ], [ -78.864403907228791, 52.72323416599346 ], [ -78.860356028213459, 52.729124741173109 ], [ -78.872528811672623, 52.740865550183628 ], [ -78.872103091424947, 52.756060753583199 ], [ -78.879410317053157, 52.757842731542667 ], [ -78.872886461735618, 52.760306876992843 ], [ -78.875059679892672, 52.81919211542629 ], [ -78.88064256548472, 52.818198194941715 ], [ -78.875113579032927, 52.820462998771347 ], [ -78.876590817439194, 52.855066885600536 ], [ -78.882785747433275, 52.859594770770627 ], [ -78.876731296833441, 52.870733820470889 ], [ -78.894482667504462, 52.882650644200794 ], [ -78.900290140140669, 52.899317622313276 ], [ -78.955104213454035, 52.940795914630542 ], [ -78.960993786281961, 52.926542520538192 ], [ -78.951635281555866, 52.925717836225147 ], [ -79.010204901573161, 52.906597825621247 ], [ -78.981286756530608, 52.918364841939024 ], [ -78.95652161248853, 52.944701212609061 ], [ -78.968518258093468, 52.955712034550402 ], [ -78.959399950639465, 52.961496214394799 ], [ -78.965933680696537, 53.00012463360963 ], [ -78.995129959635221, 53.012735943619759 ], [ -78.988048932779407, 53.070542451553933 ], [ -78.998770935853713, 53.090237259020626 ], [ -78.974518618389027, 53.101848519911186 ], [ -78.975848976841235, 53.123432180763871 ], [ -78.946988068653809, 53.138682374235316 ], [ -78.969677743671411, 53.161849451877345 ], [ -78.979482131285295, 53.161266154912141 ], [ -78.939074209298781, 53.211739660030162 ], [ -78.949270877659274, 53.23487922584826 ], [ -79.016771650652458, 53.269518687343748 ], [ -79.013299848082397, 53.289074613322725 ], [ -79.054403576045274, 53.291490927124755 ], [ -79.03698995469648, 53.298213443142231 ], [ -79.04543293494919, 53.305935720430966 ], [ -79.033046368156761, 53.29749120296043 ], [ -79.009856001194009, 53.296658137229883 ], [ -79.004440280344795, 53.312102825306113 ], [ -78.973356561831736, 53.332269827806044 ], [ -78.982769343484279, 53.351992206014131 ], [ -78.949511806380372, 53.377853385387937 ], [ -78.98612210545167, 53.38860347344945 ], [ -78.986424592560297, 53.401936846554406 ], [ -79.065271790078441, 53.408022202002428 ], [ -79.077414896569792, 53.440912269455055 ], [ -79.087722263988326, 53.446829256270235 ], [ -79.104834115305493, 53.442523600492393 ], [ -79.092555763695145, 53.460996086519629 ], [ -79.112084365614066, 53.465357330103814 ], [ -79.11708464689741, 53.480552015186788 ], [ -79.142835717032312, 53.491246692297636 ], [ -79.136613105913568, 53.503052476249138 ], [ -79.111639741582337, 53.508302578557391 ], [ -79.086887606934908, 53.546414789823075 ], [ -79.071413752545709, 53.595666021077307 ], [ -79.055413038775555, 53.60627732392328 ], [ -79.103442692969281, 53.671500812187162 ], [ -79.150250496584192, 53.691973676976716 ], [ -79.155028398741194, 53.705085032129261 ], [ -79.130416126859757, 53.712279552941595 ], [ -79.117693218793306, 53.723585254383124 ], [ -79.13019384322223, 53.721890873392567 ], [ -79.090025217049629, 53.749474644750251 ], [ -79.099331052905484, 53.755641429949947 ], [ -79.088080681069755, 53.751280207384411 ], [ -79.08252471381229, 53.757558138174772 ], [ -79.07991308199189, 53.792309124412213 ], [ -79.088163143805787, 53.813198500624992 ], [ -79.095857897568919, 53.814948553673958 ], [ -79.088718594023703, 53.823615483792253 ], [ -79.089579767328985, 53.828643333535922 ], [ -79.116080890109117, 53.831810138896799 ], [ -79.089746345146409, 53.834865673415322 ], [ -79.092553549139552, 53.863920381426226 ], [ -79.080914429785537, 53.870975789243687 ], [ -79.097248989521574, 53.880225468401761 ], [ -79.106278310200366, 53.903419278765455 ], [ -79.115056036337933, 53.895530584304197 ], [ -79.115639658432599, 53.900780487556233 ], [ -79.142779866841977, 53.901030529023274 ], [ -79.11013982481137, 53.90703027230694 ], [ -79.294627319452502, 54.063142691078269 ], [ -79.310544547851407, 54.084893136494941 ], [ -79.320517234167539, 54.084365365536598 ], [ -79.313433676519367, 54.088532035951175 ], [ -79.375380786767721, 54.155088883269798 ], [ -79.384297860603851, 54.164311255387872 ], [ -79.395520624570679, 54.163116808005441 ], [ -79.386020030762211, 54.166561298327792 ], [ -79.395159331891705, 54.17642260599581 ], [ -79.469440580733306, 54.224923619711092 ], [ -79.478885475143443, 54.221284699237515 ], [ -79.469996062024336, 54.225645874289739 ], [ -79.481802177741088, 54.229645967095678 ], [ -79.484246653475736, 54.27639677353676 ], [ -79.490524772669858, 54.277091236869808 ], [ -79.481774260934287, 54.294035998690845 ], [ -79.486746650337352, 54.305813974314788 ], [ -79.473996031947422, 54.315036367767107 ], [ -79.472273618487236, 54.32675882264823 ], [ -79.48507979288803, 54.335203401652791 ], [ -79.485857597343113, 54.349564740355049 ], [ -79.513914336799985, 54.365565141292223 ], [ -79.492357713478498, 54.377843063180308 ], [ -79.501719225795398, 54.390732213635488 ], [ -79.515914408359208, 54.386315497382839 ], [ -79.504552697458735, 54.396899010114112 ], [ -79.517636632500739, 54.404149114986296 ], [ -79.508858345709029, 54.414454882314033 ], [ -79.524908962484972, 54.432377605812576 ], [ -79.534859681090893, 54.432927516056679 ], [ -79.527498203992593, 54.435594239017178 ], [ -79.536637447929422, 54.446122166670193 ], [ -79.531053773562348, 54.451594511458723 ], [ -79.535998576764484, 54.463225727596694 ], [ -79.575799922485317, 54.459157913444869 ], [ -79.596556943365897, 54.465817039201966 ], [ -79.564144372877422, 54.477683342936984 ], [ -79.566138722994367, 54.466150352443151 ], [ -79.536109570472263, 54.467122600672269 ], [ -79.53674850084019, 54.473039340833736 ], [ -79.557027156963898, 54.474983809245487 ], [ -79.537397429810483, 54.481152609893002 ], [ -79.543754417376761, 54.500235681930405 ], [ -79.536342655627379, 54.512177196740993 ], [ -79.550637849832981, 54.512095617846057 ], [ -79.533964318375979, 54.519159772225407 ], [ -79.555955694547436, 54.530394291002892 ], [ -79.597167919660876, 54.528762707474868 ], [ -79.559249329486875, 54.531568263556892 ], [ -79.583056031344313, 54.537290634299495 ], [ -79.612224057774029, 54.556791025556436 ], [ -79.632816599453633, 54.547852937337552 ], [ -79.636669718939061, 54.551263199379036 ], [ -79.612640740829647, 54.557318820396802 ], [ -79.685886420238887, 54.618469438686589 ], [ -79.741118962319092, 54.629792541042207 ], [ -79.764591410257765, 54.622616360128177 ], [ -79.762870062326897, 54.633237057338079 ], [ -79.75164723807211, 54.649098488656136 ], [ -79.698200185965618, 54.659293066501846 ], [ -79.66419839853512, 54.675928321182482 ], [ -79.64597516423737, 54.694765865301349 ], [ -79.600062858388526, 54.700705494794647 ], [ -79.564887708205731, 54.723794142390943 ], [ -79.493106398311909, 54.734849837454931 ], [ -79.448881852674333, 54.759989086408382 ], [ -79.360738685915067, 54.764266871426173 ], [ -79.227699502977941, 54.798291908690658 ], [ -79.190507989755758, 54.797767253150482 ], [ -79.101662599096642, 54.818854706166405 ], [ -79.044332327305483, 54.823716928087663 ], [ -79.010106766939259, 54.838577992347211 ], [ -78.982579281960113, 54.83349479846845 ], [ -78.942626134177715, 54.854604978535917 ], [ -78.94181642871672, 54.867243381556364 ], [ -78.953370272454208, 54.874437531187937 ], [ -78.896224805258328, 54.885992498256655 ], [ -78.891470887867399, 54.897519762692241 ], [ -78.833435003345528, 54.913852413374627 ], [ -78.784697603560062, 54.907271560841309 ], [ -78.752063623535662, 54.923939706581791 ], [ -78.738370242090014, 54.919884418010156 ], [ -78.731480377564594, 54.921939828487893 ], [ -78.738397214537827, 54.922412087073724 ], [ -78.71247523405259, 54.934994915242441 ], [ -78.679612164237028, 54.934911535860294 ], [ -78.65260828269578, 54.948105760794988 ], [ -78.631359370868722, 54.949106141080961 ], [ -78.552804696534622, 54.991385627068553 ], [ -78.317917273770263, 55.042272210197837 ], [ -78.281630329884138, 55.063326620147222 ], [ -78.273322364674243, 55.079743277838588 ], [ -78.206219229198382, 55.106190493452175 ], [ -78.197748780774361, 55.120357877546667 ], [ -78.127225656428095, 55.149749076277828 ], [ -78.032595030547441, 55.176773967531062 ], [ -77.971779762851384, 55.204967881274797 ], [ -77.915447142490507, 55.21827578267397 ], [ -77.900531260466778, 55.233582566969858 ], [ -77.848335144283851, 55.257305783354582 ], [ -77.833834664186327, 55.254916912140516 ], [ -77.782942753939381, 55.273166998616318 ], [ -77.725770474913929, 55.333027840447812 ], [ -77.698822189965085, 55.337859580972633 ], [ -77.623485465361739, 55.385916474890792 ], [ -77.582986828212938, 55.385612943277806 ], [ -77.556902275960113, 55.39830748795066 ], [ -77.41000410754333, 55.500170706026609 ], [ -77.35986183440059, 55.521281368929749 ], [ -77.332220572924086, 55.548892804676996 ], [ -77.254160254399437, 55.582837957466438 ], [ -77.225686341891162, 55.610755447323356 ], [ -77.205157655481116, 55.616089134020115 ], [ -77.176239278815729, 55.643951193459088 ], [ -77.190239758764449, 55.65903465568374 ], [ -77.202268089946074, 55.659867866701461 ], [ -77.191266788394387, 55.679756545173063 ], [ -77.139429499054529, 55.705783365555476 ], [ -77.003923869836797, 55.803089887394947 ], [ -76.994923392345697, 55.822923740587783 ], [ -76.958699233075379, 55.840535120958748 ], [ -76.961615868341369, 55.84750745555499 ], [ -76.940725714576331, 55.866757758446624 ], [ -76.886250453626985, 55.900647105861708 ], [ -76.875360419569688, 55.92348066021583 ], [ -76.830552753280472, 55.929841660257409 ], [ -76.823107675521726, 55.949258702642396 ], [ -76.810134549128861, 55.959064306388257 ], [ -76.800660856210072, 56.001147961431684 ], [ -76.734545173468462, 56.018008217005729 ], [ -76.708710096828611, 56.034341754713012 ], [ -76.693041837063959, 56.050286425648551 ], [ -76.686762224130234, 56.087703574365946 ], [ -76.650954361068955, 56.126009925124549 ], [ -76.64431515019163, 56.146288212477657 ], [ -76.660537390378352, 56.162621798034252 ], [ -76.650592720233021, 56.17292761193039 ], [ -76.650787010787155, 56.189511371914534 ], [ -76.670815143484788, 56.193872399851159 ], [ -76.617480637381163, 56.200067450968561 ], [ -76.626730280264042, 56.238068257993234 ], [ -76.566393827843683, 56.278541400310473 ], [ -76.566976682169582, 56.291291428883312 ], [ -76.54944757088191, 56.301291489778407 ], [ -76.54916831429216, 56.340708503936639 ], [ -76.559307645684783, 56.349375403668034 ], [ -76.545251274929058, 56.355514329784853 ], [ -76.529666916905626, 56.37926479928899 ], [ -76.544722879719075, 56.410487762511707 ], [ -76.531749871764873, 56.414154476130307 ], [ -76.525166442722764, 56.426321520681711 ], [ -76.531250153159988, 56.433099555297815 ], [ -76.521333555606645, 56.458406139562044 ], [ -76.552501134734712, 56.475795336179772 ], [ -76.552862414770459, 56.500212749381376 ], [ -76.546667707928748, 56.505240748028484 ], [ -76.555834139137573, 56.518379599828791 ], [ -76.540916720743269, 56.532241139821792 ], [ -76.558305480957131, 56.555602331544947 ], [ -76.545582432988169, 56.566130291247873 ], [ -76.536498843843844, 56.597519779248216 ], [ -76.550249364172885, 56.602853334498093 ], [ -76.548333545178139, 56.627409649006495 ], [ -76.531806810342459, 56.642132483511261 ], [ -76.542224171010503, 56.664688606055108 ], [ -76.53500029450305, 56.824554389249954 ], [ -76.552470970266825, 56.899223351772662 ], [ -76.563165490862048, 56.908945923754857 ], [ -76.560721457332249, 56.920001837642019 ], [ -76.568944944945542, 56.924196597148352 ], [ -76.57130955669362, 56.940558818589182 ], [ -76.570261583921706, 56.976616739329643 ], [ -76.561764175489145, 56.991340064784254 ], [ -76.576905497438361, 57.024785370461245 ], [ -76.576071812497446, 57.048841429065533 ], [ -76.574488221485979, 57.058369396620208 ], [ -76.562543071744358, 57.063925107253056 ], [ -76.561984565352134, 57.09517491978113 ], [ -76.586526562820438, 57.146172659008243 ], [ -76.592826396467729, 57.177866405178008 ], [ -76.587520449895294, 57.189116717256411 ], [ -76.616354601256432, 57.237145683229073 ], [ -76.62541297334991, 57.287313741210028 ], [ -76.639190998018933, 57.299980711503281 ], [ -76.636497244579346, 57.313286632795382 ], [ -76.667439174882361, 57.340009498658105 ], [ -76.657301232021496, 57.34442625374578 ], [ -76.665216847219483, 57.352593131081278 ], [ -76.657523093049917, 57.361676681118411 ], [ -76.687772987749327, 57.386260641605077 ], [ -76.677189048850721, 57.390344029121195 ], [ -76.675688870853776, 57.399649840699055 ], [ -76.697717678756646, 57.407650104652078 ], [ -76.704774109414586, 57.426261738662049 ], [ -76.700524634151861, 57.436845444643154 ], [ -76.760331225798211, 57.461096135488788 ], [ -76.762942194109371, 57.478596546397341 ], [ -76.780581702797519, 57.50104156714508 ], [ -76.773914629911019, 57.511375167202516 ], [ -76.866310859329587, 57.625795454814124 ], [ -76.844284543259505, 57.632295793123717 ], [ -76.844064676644109, 57.650046501394229 ], [ -76.859842295429019, 57.660824494872372 ], [ -76.865675370847953, 57.684575064487206 ], [ -76.892477601212931, 57.70238075512259 ], [ -76.893143932619068, 57.71610324405475 ], [ -76.921419096675038, 57.745770358848517 ], [ -76.919391403589543, 57.751603913238114 ], [ -76.949005327357497, 57.766882360628188 ], [ -76.985339974407168, 57.813439256205527 ], [ -76.996061342591361, 57.816411391992801 ], [ -77.011755758210995, 57.847162177846315 ], [ -77.050424226618816, 57.867385105851554 ], [ -77.055841095263759, 57.878052048072959 ], [ -77.049062740741419, 57.892802411900618 ], [ -77.080564298454021, 57.902358349898122 ], [ -77.092483336917326, 57.920025647185298 ], [ -77.089761916376062, 57.929914870256482 ], [ -77.162192695902036, 57.963055908206513 ], [ -77.174137553574326, 57.977917365088899 ], [ -77.173776493272044, 57.992973306074703 ], [ -77.200028308411618, 58.00075136671262 ], [ -77.207834141818637, 58.011112638706209 ], [ -77.236697173109178, 58.008918177877206 ], [ -77.231169042980468, 58.012279358790522 ], [ -77.240169617243168, 58.017446226433776 ], [ -77.213306674732394, 58.019057355532311 ], [ -77.260030793160865, 58.050363641039212 ], [ -77.292170248284265, 58.056113398658397 ], [ -77.296088269301549, 58.068113623630722 ], [ -77.342202815996586, 58.087308213614278 ], [ -77.393418737944103, 58.097336664589193 ], [ -77.409450291088945, 58.12880973194325 ], [ -77.526418158695037, 58.160116810511227 ], [ -77.561169349426336, 58.21017380026467 ], [ -77.594978529680077, 58.222062809539466 ], [ -77.572530850277644, 58.224285300160545 ], [ -77.643047330462593, 58.236644641842872 ], [ -77.617818459713192, 58.238006685740629 ], [ -77.651746694618282, 58.257116558702023 ], [ -77.650218412631375, 58.26395011930407 ], [ -77.769279335823228, 58.286729230192805 ], [ -77.77786084507045, 58.296591022426298 ], [ -77.8101043291569, 58.306787435356796 ], [ -77.906039991791204, 58.329062012609882 ], [ -77.909903410971538, 58.338283918481181 ], [ -77.963936017531296, 58.340005897434764 ], [ -78.035100425921712, 58.367091658503625 ], [ -78.09062379503365, 58.367454870043389 ], [ -78.205196575007335, 58.402341337751466 ], [ -78.220312528205284, 58.439201980038376 ], [ -78.254647528636212, 58.457119245954459 ], [ -78.226201664758378, 58.454341363007529 ], [ -78.240312947855614, 58.494175830919687 ], [ -78.264925348254053, 58.495842356539015 ], [ -78.261202922918528, 58.500231451710249 ], [ -78.284231887018564, 58.501620158908736 ], [ -78.277064821684462, 58.505148035005561 ], [ -78.397155024761616, 58.539648729999271 ], [ -78.426292382757595, 58.541205586431829 ], [ -78.46017215396256, 58.568349143892931 ], [ -78.480028048985332, 58.574157258495688 ], [ -78.47758389699527, 58.60429665766037 ], [ -78.487914117484422, 58.617826064813926 ], [ -78.522467588179609, 58.63713368097433 ], [ -78.593332596812502, 58.650300994063286 ], [ -78.588332324142129, 58.653495495255584 ], [ -78.597777033794614, 58.676468373068587 ], [ -78.554690954436694, 58.692524237098553 ], [ -78.560246667887043, 58.703218928566969 ], [ -78.552579697521594, 58.699968878363279 ], [ -78.538022595821985, 58.75024799732239 ], [ -78.579441408039827, 58.766387466779236 ], [ -78.602359090845539, 58.792138308770802 ], [ -78.597775465937559, 58.798277350134413 ], [ -78.6149708423834, 58.796110699139092 ], [ -78.631193799121377, 58.812611196602234 ], [ -78.585718956635105, 58.811583234811508 ], [ -78.584440901453036, 58.824944682636669 ], [ -78.57810725040116, 58.820083421966217 ], [ -78.579829439541527, 58.828000315735721 ], [ -78.556883565574481, 58.843583931498529 ], [ -78.571661693698388, 58.877501609170508 ], [ -78.570522534436805, 58.89250206329308 ], [ -78.584189790709843, 58.90528020668819 ], [ -78.576216877378329, 58.919669462921831 ], [ -78.542603670539791, 58.937642055807601 ], [ -78.554881905058494, 58.948948033625754 ], [ -78.526130258419244, 58.952031280953406 ], [ -78.298770818943012, 59.055610143541344 ], [ -78.303853139005014, 59.056388538786678 ], [ -78.246821818724186, 59.116305894605262 ], [ -78.257264142062411, 59.120890555422079 ], [ -78.240486435064838, 59.121778939610351 ], [ -78.195804938203537, 59.158423412959621 ], [ -78.196052329974293, 59.166619165736279 ], [ -78.184495918213486, 59.16961923382928 ], [ -78.19569109308685, 59.171591601573425 ], [ -78.19169074671089, 59.179202866572496 ], [ -78.178217716668826, 59.174841638272937 ], [ -78.165355695997164, 59.185952965550939 ], [ -78.168883549143743, 59.192425352332634 ], [ -78.19010709721698, 59.194147759558405 ], [ -78.158521870026732, 59.19178639444624 ], [ -78.14285389293002, 59.218259293849485 ], [ -78.085072669485953, 59.221370231997469 ], [ -77.996873243820176, 59.259398349364233 ], [ -78.00328944286457, 59.262509934503271 ], [ -77.989124696627414, 59.262175194592089 ], [ -77.995373256136872, 59.26845398596231 ], [ -77.987957960553445, 59.267286380172834 ], [ -77.985457798789582, 59.275175342392856 ], [ -77.952672983902005, 59.410263874785869 ], [ -77.901751841060275, 59.501821748458894 ], [ -77.908724441515801, 59.506960854329179 ], [ -77.869471837672677, 59.518822099986835 ], [ -77.869860495469709, 59.534433646194657 ], [ -77.846053324289471, 59.552322903196398 ], [ -77.852053389005391, 59.570879099489048 ], [ -77.835246578716408, 59.58857393664897 ], [ -77.834774009368857, 59.601213213968663 ], [ -77.842913233001354, 59.611796819965264 ], [ -77.879137403479604, 59.624491859079228 ], [ -77.878137059450012, 59.635769933805477 ], [ -77.855690991297422, 59.655492653262002 ], [ -77.86419109198323, 59.679021148036554 ], [ -77.849800803100834, 59.705660710357563 ], [ -77.848828264816973, 59.725272407864963 ], [ -77.752960800142716, 59.762856330200179 ], [ -77.545087701572868, 59.75638275156507 ], [ -77.468528659673098, 59.794630547285919 ], [ -77.476333987578528, 59.799103874123716 ], [ -77.467302382201524, 59.918081320057695 ], [ -77.623725484578188, 60.053697356794203 ], [ -77.673978270066755, 60.065698054371353 ], [ -77.629308709212523, 60.076309169279909 ], [ -77.607556970257804, 60.097393017884315 ], [ -77.61522373199108, 60.114199094607841 ], [ -77.625474407427305, 60.115977017507589 ], [ -77.612918135274242, 60.115199173066287 ], [ -77.569359558746157, 60.188447147292379 ], [ -77.635363107010107, 60.253335140943534 ], [ -77.633890965257422, 60.267694481928061 ], [ -77.616113055629285, 60.271579987426719 ], [ -77.607029435381378, 60.290966691335086 ], [ -77.646420220328309, 60.316273499528791 ], [ -77.654698693197304, 60.331549293167882 ], [ -77.666643958284794, 60.331021764331297 ], [ -77.685810167803083, 60.346859276348482 ], [ -77.753949085687225, 60.374179892488598 ], [ -77.743337614370546, 60.374150712429696 ], [ -77.75772694892305, 60.385596942079133 ], [ -77.775755665800148, 60.386013757186674 ], [ -77.773421899244227, 60.405292115908196 ], [ -77.76225441397952, 60.407597643348083 ], [ -77.763504389957461, 60.415986763914646 ], [ -77.753086905628322, 60.421959149639292 ], [ -77.763059635890443, 60.433542841826636 ], [ -77.739919286401062, 60.444568704131939 ], [ -77.738169085560912, 60.452596256920629 ], [ -77.763808916138885, 60.464654954761784 ], [ -77.762030838805401, 60.472349595229161 ], [ -77.875091571810458, 60.558102883217032 ], [ -77.905120954848769, 60.569714580178697 ], [ -77.912065156358835, 60.602937838947469 ], [ -77.892397094667558, 60.607298944183356 ], [ -77.845949189039914, 60.642188579871288 ], [ -77.844587531818718, 60.660022531188929 ], [ -78.075987863759849, 60.791500248373552 ], [ -78.136324762230288, 60.796945246029338 ], [ -78.220552505300759, 60.778389630692971 ], [ -78.227774940673328, 60.788584397134684 ], [ -78.225774415868273, 60.810474006348613 ], [ -78.188604775693364, 60.844697053380628 ], [ -78.200383138390691, 60.851780712370157 ], [ -78.146573619710637, 60.876031106323865 ], [ -78.142350803409556, 60.892531614628297 ], [ -78.116904566742789, 60.902865112019185 ], [ -78.113848626041886, 60.918004418106364 ], [ -78.097986275133792, 60.929726899573666 ], [ -78.031398347176378, 60.95000492651252 ], [ -78.03462061264463, 60.958560723901144 ], [ -78.02534196461329, 60.972838864366111 ], [ -77.993172844921673, 60.982616503218992 ], [ -77.966865297724894, 61.008506329991008 ], [ -77.944919346980782, 61.011895160374081 ], [ -77.913583576694009, 61.041256987138695 ], [ -77.893082262031726, 61.040173515211222 ], [ -77.867580296893436, 61.054923776790474 ], [ -77.831439064788185, 61.057756856008837 ], [ -77.826660580488124, 61.067673619495849 ], [ -77.832744188524828, 61.083035557309358 ], [ -77.818157878147701, 61.104729861222324 ], [ -77.827853315850859, 61.117897359967742 ], [ -77.819321870476529, 61.137368883927707 ], [ -77.825351103730043, 61.146369740703335 ], [ -77.805092174552385, 61.152672200446773 ], [ -77.788468668278028, 61.175945838109328 ], [ -77.793232555463817, 61.240636936969167 ], [ -77.756005806234725, 61.248302676295111 ], [ -77.743588025475219, 61.258969567555539 ], [ -77.773172490826596, 61.279192665923176 ], [ -77.761504410631289, 61.303193381725691 ], [ -77.783588691349678, 61.317666250645516 ], [ -77.773504271469278, 61.334694518007723 ], [ -77.788976426462568, 61.376695914286927 ], [ -77.783142526073391, 61.381307162049609 ], [ -77.790754053218222, 61.385390652431852 ], [ -77.785253616365935, 61.394613148905933 ], [ -77.819654369763271, 61.442508492385628 ], [ -77.806524550822473, 61.466402449905388 ], [ -77.891602281848805, 61.62718093212078 ], [ -77.887769668120654, 61.634790249970365 ], [ -77.929744143242146, 61.643318964088223 ], [ -77.941411875186759, 61.663068224539586 ], [ -77.965021351491089, 61.664379700436712 ], [ -77.964047594750298, 61.670795881995389 ], [ -77.991759244451657, 61.682052917553506 ], [ -78.017607812383972, 61.707221461069309 ], [ -78.012714280942475, 61.711526706089899 ], [ -78.027464734942839, 61.723499415562458 ], [ -78.03750367427574, 61.782611077332319 ], [ -78.053257103948226, 61.791695040246964 ], [ -78.058212874597189, 61.827639233547529 ], [ -78.100709931661754, 61.858031612368109 ], [ -78.10410527334983, 61.867338034435363 ], [ -78.096799776464877, 61.873643799005436 ], [ -78.107560966387268, 61.88745093758223 ], [ -78.0999221563265, 61.892367777732943 ], [ -78.096599377866198, 61.912508287872413 ], [ -78.108963646193502, 61.919286627884901 ], [ -78.091601297215163, 61.928120138082136 ], [ -78.121991704789252, 61.943954244680469 ], [ -78.112990670485431, 61.95645457287435 ], [ -78.162881773481161, 61.997595237673352 ], [ -78.164298125181006, 62.011095697085238 ], [ -78.150630490389176, 62.019901398635739 ], [ -78.148768792255794, 62.037096457161965 ], [ -78.16426848523281, 62.083737022178298 ], [ -78.161906406005926, 62.114126869355346 ], [ -78.180712875951258, 62.129905317366251 ], [ -78.185740478009677, 62.145211424282365 ], [ -78.172627882284189, 62.172490007136844 ], [ -78.18193374537293, 62.184962717254336 ], [ -78.179294343079391, 62.197768676455667 ], [ -78.16423750685226, 62.205546662750862 ], [ -78.164403850626002, 62.21932487069023 ], [ -78.197516470885432, 62.242492603878475 ], [ -78.201877625504324, 62.25479860368273 ], [ -78.170708355331669, 62.272826756662084 ], [ -78.176375042562086, 62.285493811974845 ], [ -78.153484209363342, 62.302994269495855 ], [ -78.148511226848143, 62.319911435052632 ], [ -78.11970369257125, 62.326633673933372 ], [ -78.090272783632997, 62.362884318860779 ], [ -78.007929684075691, 62.370411560517994 ], [ -77.920519455003102, 62.427885400514697 ], [ -77.833761209719, 62.430129691194963 ], [ -77.773898367858919, 62.463573666273476 ], [ -77.721788656965884, 62.468823835348644 ], [ -77.693065253348664, 62.486573541029372 ], [ -77.694729795345779, 62.498239801256886 ], [ -77.677005537955779, 62.511434373055238 ], [ -77.568817038659404, 62.532855329711367 ], [ -77.519552772399436, 62.554853074760331 ], [ -77.519579010888492, 62.56940893608072 ], [ -77.50710469570646, 62.582297909209672 ] ] ] } },
{ "type": "Feature", "properties": { "code": "11", "nom": "Gaspésie–Îles-de-la-Madeleine", "slug": "gaspesieiles-de-la-madeleine" }, "geometry": { "type": "Polygon", "coordinates": [ [ [ -67.153339127014647, 49.189064045256735 ], [ -66.534672091707833, 49.553453071675278 ], [ -66.376998532558176, 49.619091772651771 ], [ -66.157544776257325, 49.678646836007999 ], [ -65.943619334100589, 49.709368381426835 ], [ -65.645385282846405, 49.717894855829961 ], [ -65.331928942231158, 49.691976512504517 ], [ -65.039445878581702, 49.641002570178941 ], [ -64.850078011860674, 49.593501344862005 ], [ -64.651237634561326, 49.529722172610427 ], [ -64.26127992351681, 49.36852487522642 ], [ -64.163776724682762, 49.319940792480132 ], [ -63.789876085012629, 49.08018754705418 ], [ -63.526312094828349, 48.929185500217535 ], [ -63.248858693790403, 48.79865575286648 ], [ -62.999128366945754, 48.701792957693037 ], [ -62.999128675129136, 48.666681681992998 ], [ -60.468597285879184, 48.666669513698359 ], [ -60.403770284755105, 47.761111410893022 ], [ -60.762673091148734, 47.423334802469526 ], [ -60.991847779013469, 47.329446780194807 ], [ -61.350472388781455, 47.009725671171211 ], [ -61.399363764164377, 46.84000354833745 ], [ -62.299949494194721, 46.840006722378718 ], [ -62.986360928826564, 47.139731854312785 ], [ -63.791661094322734, 48.220571924564723 ], [ -64.421962341921855, 48.220574430351519 ], [ -65.111713753640871, 47.921131536067911 ], [ -65.53617447050037, 47.828632449885227 ], [ -65.606457090584087, 47.933634063385909 ], [ -65.85813437645848, 48.022246057271424 ], [ -66.162600762016766, 48.049193502053939 ], [ -66.305883837232813, 48.033137803174839 ], [ -66.347829691070231, 48.078277114255606 ], [ -66.40102636634785, 48.089610129146187 ], [ -66.488085716109723, 48.081637838635146 ], [ -66.503836170816754, 48.076082307933518 ], [ -66.530475885402467, 48.047970952323347 ], [ -66.671341889797503, 48.01813772587996 ], [ -66.699037474484555, 48.005387758582216 ], [ -66.748734001308833, 47.996943481485147 ], [ -66.761678711602727, 48.002554663896881 ], [ -66.789262965361587, 47.991304561067359 ], [ -66.841159789700768, 48.002268357298469 ], [ -66.920906173190033, 47.984388037583301 ], [ -66.964546867430499, 47.94197154139885 ], [ -66.970241555017964, 47.915277036960902 ], [ -66.944434682300681, 47.902860266882861 ], [ -66.9556843191247, 47.892415811223444 ], [ -66.97976771230438, 47.893888075727276 ], [ -67.059633573177322, 47.935388483927959 ], [ -67.071050678490707, 47.922082950572666 ], [ -67.13266367669172, 47.914750148717964 ], [ -67.141302305838735, 47.892916752613388 ], [ -67.166276100568183, 47.896555916534872 ], [ -67.174582003950434, 47.883222571801646 ], [ -67.206833404476882, 47.87605585694741 ], [ -67.287002134953582, 47.898722833822973 ], [ -67.298196676599119, 47.898667317497832 ], [ -67.2941129005184, 47.890195013909555 ], [ -67.303334851906044, 47.885528373588571 ], [ -67.347807577032214, 47.895917395953013 ], [ -67.338057147831833, 47.88741732579588 ], [ -67.336639110548433, 47.872195058201513 ], [ -67.342916348653162, 47.867639459023302 ], [ -67.352333461544362, 47.873472872899363 ], [ -67.364276694323294, 47.856444987938943 ], [ -67.35822045920635, 47.846667149903702 ], [ -67.376737340351653, 47.845654578660778 ], [ -67.389762289662471, 47.850135145720337 ], [ -67.37967557528286, 47.856815650701996 ], [ -67.393063681848105, 47.859524256246324 ], [ -67.392812822972459, 47.867754176544516 ], [ -67.512877609719496, 47.913784186184209 ], [ -67.582258863855159, 47.928155823093689 ], [ -67.593139349221588, 47.924468720970388 ], [ -67.607609233091026, 47.936385430905695 ], [ -67.608473714894231, 47.949343288143517 ], [ -67.601832735838471, 47.952609898551472 ], [ -67.607600231090274, 47.961395380693126 ], [ -67.596482625759265, 47.970018971800776 ], [ -67.613225575060412, 47.980539338922526 ], [ -67.610834832614316, 47.990995452248995 ], [ -67.589601592969316, 48.00295344774478 ], [ -67.59566270612747, 48.026446602904436 ], [ -67.584960254498668, 48.045323086621181 ], [ -67.631184946203078, 48.077886531992512 ], [ -67.649434409612411, 48.081061745860218 ], [ -67.666774577335417, 48.118471035744044 ], [ -67.37460317028534, 48.19489260044584 ], [ -67.277547803726435, 48.031538036991876 ], [ -67.119110289810934, 48.072828994920911 ], [ -67.09815975523351, 48.078360695265346 ], [ -67.098375513587001, 48.0851823653773 ], [ -66.879575158118058, 48.136969375961179 ], [ -66.934526158437961, 48.181129424234413 ], [ -66.900371171904311, 48.200354937606541 ], [ -66.839684230127546, 48.146891369121057 ], [ -66.836773198575358, 48.147513205060655 ], [ -66.97416000404084, 48.30315643831247 ], [ -65.948498213896087, 48.567089135459874 ], [ -66.53731512676768, 48.957826534783486 ], [ -66.704415221852628, 48.902873331078361 ], [ -66.714669600742326, 48.909469009899674 ], [ -66.695614746539817, 48.920690354431656 ], [ -66.696808026069405, 48.971183632915483 ], [ -66.704515746091303, 48.978267377957891 ], [ -66.699321457742457, 48.988670143097394 ], [ -66.733506949884116, 49.017500775089786 ], [ -66.83241072812622, 48.985136347134571 ], [ -67.153339127014647, 49.189064045256735 ] ] ] } },
{ "type": "Feature", "properties": { "code": "12", "nom": "Chaudière-Appalaches", "slug": "chaudiere-appalaches" }, "geometry": { "type": "Polygon", "coordinates": [ [ [ -70.198259971187667, 47.411201398154731 ], [ -70.003020244208415, 47.278459291895842 ], [ -69.973702647405446, 47.291261493780951 ], [ -69.625297363448169, 47.066733369880353 ], [ -69.997111110999981, 46.695527777999985 ], [ -70.0565, 46.415583332999972 ], [ -70.096944443999973, 46.409472221999977 ], [ -70.10775, 46.387722221999979 ], [ -70.127027777999956, 46.38038888900013 ], [ -70.126972222, 46.37080555600005 ], [ -70.191166667, 46.350222222000014 ], [ -70.208944444, 46.3295 ], [ -70.205861111, 46.299722222000128 ], [ -70.231611111, 46.291027778 ], [ -70.2525, 46.259972221999931 ], [ -70.250888888999953, 46.249111111000047 ], [ -70.273638888999983, 46.216833333000125 ], [ -70.271055555999851, 46.210833332999982 ], [ -70.292694443999949, 46.191472222000073 ], [ -70.236277777999931, 46.14525 ], [ -70.254527777999954, 46.113722222000092 ], [ -70.253111110999953, 46.100138889 ], [ -70.285936110999955, 46.099825 ], [ -70.31085, 46.064613888999986 ], [ -70.278322221999986, 46.056286110999963 ], [ -70.297363888999939, 46.040711111000064 ], [ -70.301375, 46.027619443999981 ], [ -70.317994444000021, 46.019075 ], [ -70.302369444000021, 45.998680556000068 ], [ -70.283941666999965, 45.995488889000057 ], [ -70.306988888999967, 45.982691667000097 ], [ -70.315858332999937, 45.962991667000097 ], [ -70.277005556, 45.96725 ], [ -70.239141667000013, 45.94394444400001 ], [ -70.26308888899996, 45.923986111000033 ], [ -70.253325, 45.903466667000089 ], [ -70.284458332999975, 45.87169722200008 ], [ -70.370825, 45.835197222000033 ], [ -70.398911111000018, 45.796630556000025 ], [ -70.413617887195983, 45.795995876883694 ], [ -70.421826746964371, 45.806724712027858 ], [ -70.470634930023266, 45.789190853131686 ], [ -70.499741688250595, 45.826840330178982 ], [ -70.631904692740818, 45.778725815392022 ], [ -70.653723716657794, 45.802720439996619 ], [ -70.66311178751539, 45.783548976407701 ], [ -70.895630505045631, 45.779990382406311 ], [ -70.898397902891986, 45.841706697455948 ], [ -70.914842469870962, 45.841567014269856 ], [ -70.915130429121291, 45.836023441681107 ], [ -70.936872797190176, 45.84594804970186 ], [ -70.947800033525596, 45.835419694715313 ], [ -70.979026291831246, 45.85072024837757 ], [ -70.99022937936644, 45.839914899259725 ], [ -71.029303920670372, 45.859316841510008 ], [ -71.018296510569428, 45.869807047260508 ], [ -71.093744747919061, 45.907011476730474 ], [ -71.070620746598024, 45.928270015119153 ], [ -71.129837311927929, 45.957380019761274 ], [ -71.16328520243718, 45.924400550521682 ], [ -71.153461810438216, 45.910947051928815 ], [ -71.153684370907911, 45.883113618529364 ], [ -71.134910551943847, 45.860022713199101 ], [ -71.178071093148617, 45.815105113233074 ], [ -71.228860783333914, 45.845691311007386 ], [ -71.245678366288871, 45.831456060495327 ], [ -71.261082215955582, 45.840358537957911 ], [ -71.273322191221837, 45.829554961500492 ], [ -71.348384233569448, 45.87229653906661 ], [ -71.35210366107134, 45.860033269234123 ], [ -71.337719402656546, 45.837808891179577 ], [ -71.340525513123509, 45.809642157623557 ], [ -71.361026733611141, 45.786086715163719 ], [ -71.392580050160063, 45.76889102684919 ], [ -71.466361490684335, 45.821665122245861 ], [ -71.455447195410557, 45.872099564163705 ], [ -71.551404915543912, 45.91610632394304 ], [ -71.562123107448599, 45.906033641101317 ], [ -71.686121362008464, 45.9667131389117 ], [ -71.50969907231547, 46.137349660940174 ], [ -71.533885708932189, 46.149151283452113 ], [ -71.523117380845292, 46.159971133061276 ], [ -71.529474144444009, 46.163133011593459 ], [ -71.483251222199726, 46.206641403451442 ], [ -71.48486473828325, 46.214347613075631 ], [ -71.466819871408916, 46.231183119279876 ], [ -71.445488732969125, 46.220214864182992 ], [ -71.434582723942128, 46.230830006427482 ], [ -71.41926757870101, 46.223292789426409 ], [ -71.371928215563912, 46.267809884902647 ], [ -71.508493083960786, 46.338389478835154 ], [ -71.481428693572184, 46.356011935710399 ], [ -71.50814192012615, 46.37657814204465 ], [ -71.478982776544683, 46.395865105164717 ], [ -71.53086536055298, 46.434003041491451 ], [ -71.565535017121817, 46.412845303414713 ], [ -71.617579407570418, 46.451709042415189 ], [ -71.759703433336654, 46.36392912383792 ], [ -72.054319540880726, 46.570510288946821 ], [ -72.024151735231612, 46.577093809995176 ], [ -71.975677201616406, 46.614871510974012 ], [ -71.925897121173819, 46.634093177022692 ], [ -71.872033310151267, 46.677398226136802 ], [ -71.836531792208802, 46.676509191820628 ], [ -71.772779646330491, 46.647953586684821 ], [ -71.675526172648915, 46.652286335638223 ], [ -71.611606821155931, 46.677342008800792 ], [ -71.4884033203125, 46.707675933837834 ], [ -71.362236022949219, 46.725341796875 ], [ -71.328872680664062, 46.739894866943473 ], [ -71.271980285644418, 46.750061035156364 ], [ -71.214141845703125, 46.785255432128906 ], [ -71.187644958496037, 46.825103759765625 ], [ -71.194564819335938, 46.830181121826172 ], [ -71.166587091779661, 46.84153391435359 ], [ -71.078856159500788, 46.839139029355692 ], [ -70.990663782055435, 46.850755530868241 ], [ -70.940856047780244, 46.883671495448027 ], [ -70.842463403320608, 46.92006051248552 ], [ -70.711234899828924, 46.997171083229262 ], [ -70.674537861486272, 47.06567117803138 ], [ -70.598005894933863, 47.107559478580129 ], [ -70.524363381563035, 47.164836884263423 ], [ -70.454942098085098, 47.253504714495421 ], [ -70.393966445573312, 47.290504676732951 ], [ -70.300432738194615, 47.326589433156755 ], [ -70.198259971187667, 47.411201398154731 ] ] ] } },
{ "type": "Feature", "properties": { "code": "13", "nom": "Laval", "slug": "laval" }, "geometry": { "type": "Polygon", "coordinates": [ [ [ -73.600498090976316, 45.68907799785319 ], [ -73.523100519166633, 45.697884392409378 ], [ -73.538658142089787, 45.678794860839844 ], [ -73.63043019185028, 45.62860036260696 ], [ -73.682520983181519, 45.551477395516656 ], [ -73.766120025539806, 45.511433182553333 ], [ -73.830253601074219, 45.518718719482479 ], [ -73.853179931640511, 45.511486053466854 ], [ -73.896139858171125, 45.525545991013701 ], [ -73.880895702133728, 45.5363682346877 ], [ -73.88360247711023, 45.55971244764487 ], [ -73.838283629951377, 45.580323954714345 ], [ -73.825357230164514, 45.607398661612478 ], [ -73.795548632817884, 45.615147536780341 ], [ -73.775140157761996, 45.643634006419632 ], [ -73.727842951863181, 45.680403279618076 ], [ -73.706247746121335, 45.68091886826204 ], [ -73.681540188692168, 45.694223067903238 ], [ -73.600498090976316, 45.68907799785319 ] ] ] } },
{ "type": "Feature", "properties": { "code": "14", "nom": "Lanaudière", "slug": "lanaudiere" }, "geometry": { "type": "Polygon", "coordinates": [ [ [ -74.889415317626145, 47.762621136332662 ], [ -74.511510560232637, 47.762913195271615 ], [ -73.95741388756106, 47.3881616032441 ], [ -73.963204487846141, 47.38362137238903 ], [ -73.958269057001544, 47.379593240626576 ], [ -73.999134357038145, 47.346121173672415 ], [ -73.993062050638159, 47.332905998916623 ], [ -74.005583563329992, 47.315877126278075 ], [ -74.028582868668764, 47.177838743610842 ], [ -73.910646386832113, 47.099024607259267 ], [ -73.853251795427354, 47.151077998047342 ], [ -73.754865672153628, 47.066662182732159 ], [ -73.645920851197786, 46.937399458623638 ], [ -73.66420499608644, 46.928430971119838 ], [ -73.658879560623291, 46.891375635325709 ], [ -73.668100457976493, 46.889923068732443 ], [ -73.662737463119768, 46.882616870068127 ], [ -73.674460067106651, 46.876284233132203 ], [ -73.660099809797259, 46.86043578964096 ], [ -73.627888605895791, 46.866062998544095 ], [ -73.608524787420563, 46.857842398498626 ], [ -73.602165666595027, 46.87248519461005 ], [ -73.573040066173078, 46.870366371320792 ], [ -73.563991180012479, 46.883434354915615 ], [ -73.546684223965869, 46.867915175247347 ], [ -73.525943271745575, 46.862496999725415 ], [ -73.528484331217385, 46.880812794703246 ], [ -73.514253041568736, 46.897107640598264 ], [ -73.498569354917691, 46.900536080159746 ], [ -73.49507697379812, 46.91235700546261 ], [ -73.459896543053574, 46.908607665950164 ], [ -73.421237633729419, 46.890298275010821 ], [ -73.441509695158587, 46.843682827409815 ], [ -73.436343058993032, 46.829238274153951 ], [ -73.45692947038772, 46.786322333021772 ], [ -73.447680416929572, 46.766378459389472 ], [ -73.466958373100226, 46.709488593629622 ], [ -73.441984588885632, 46.668654358882037 ], [ -73.446013242487041, 46.596265189233627 ], [ -73.402205737218807, 46.59882052182067 ], [ -73.361842851713732, 46.616237417174915 ], [ -73.336508481855006, 46.601265205718782 ], [ -73.312229722776195, 46.573681782616497 ], [ -73.306951896945691, 46.555153898403574 ], [ -73.283001053514255, 46.533309328281923 ], [ -73.33311350526543, 46.498714502688024 ], [ -73.167315493781274, 46.382987903590454 ], [ -73.180933010658933, 46.366113228315079 ], [ -73.187804618256393, 46.370373592674085 ], [ -73.203930026086823, 46.359062712734136 ], [ -73.192069237973939, 46.350254908114429 ], [ -73.203652921968043, 46.342051906469933 ], [ -73.176102897522597, 46.323534343339261 ], [ -73.213411487884485, 46.325109468283266 ], [ -73.228143368832406, 46.317049994742817 ], [ -73.195735153664472, 46.294388611873117 ], [ -73.216420652744162, 46.279330366742435 ], [ -73.037318287274417, 46.156409601257472 ], [ -72.977635027595909, 46.167902519536426 ], [ -72.936245104417424, 46.151235235600076 ], [ -72.959830036043854, 46.119179831385956 ], [ -72.976747920350334, 46.110013530177447 ], [ -73.042749941443176, 46.106830241781068 ], [ -73.087985673012881, 46.06402398495549 ], [ -73.156100007364543, 46.046304484587814 ], [ -73.189098534170142, 45.979160361820696 ], [ -73.279070021099926, 45.84217630246701 ], [ -73.325682760457369, 45.803718085179469 ], [ -73.36658455029702, 45.786069749563097 ], [ -73.38555829350102, 45.789242771282233 ], [ -73.419196310242711, 45.753844563192004 ], [ -73.422641161204069, 45.739389608473765 ], [ -73.460920702494008, 45.703787766909173 ], [ -73.557422659131532, 45.700372073778638 ], [ -73.600498090976259, 45.689077997853211 ], [ -73.686041273965628, 45.693678818724891 ], [ -73.745492456378301, 45.668664339973724 ], [ -73.766595340764908, 45.68540769622814 ], [ -73.782594949177124, 45.679803312959692 ], [ -73.846172880771263, 45.721942597401799 ], [ -73.76485105075173, 45.712964003148087 ], [ -73.756242171019522, 45.717896596110869 ], [ -73.759032890845219, 45.728328080776578 ], [ -73.745787877001376, 45.73243907973329 ], [ -73.751143557242671, 45.750495585505966 ], [ -73.730380824494944, 45.754582785384422 ], [ -73.824967317039864, 45.81770809421787 ], [ -73.807616043574043, 45.821660867218903 ], [ -73.901332246901006, 45.88453527337051 ], [ -73.882589270631541, 45.888470249777669 ], [ -73.950542644306168, 45.933182888067364 ], [ -73.935412974912708, 45.944245782882049 ], [ -74.002679890816225, 45.997935835082693 ], [ -73.978460686044968, 46.014111658505335 ], [ -74.005261409062413, 46.033017283755882 ], [ -73.960622495320621, 46.064931361293816 ], [ -74.002847016160089, 46.095803870342507 ], [ -74.025170946072379, 46.080983541132568 ], [ -74.077344124305725, 46.117162808509477 ], [ -74.033051130370936, 46.148707062565961 ], [ -74.182933091244706, 46.25028087368166 ], [ -74.267216253587108, 46.198125723365941 ], [ -74.412740661236171, 46.298945708715934 ], [ -74.334155053163542, 46.354003327558111 ], [ -74.477483687105689, 46.454093181026472 ], [ -74.343615381202014, 46.549305551671239 ], [ -74.444621339752416, 46.620774690549823 ], [ -74.451004397632616, 46.607605547607029 ], [ -74.477005420324545, 46.608244642516446 ], [ -74.49514654510179, 46.590689505860922 ], [ -74.500340792181206, 46.594772824177383 ], [ -74.496853943889363, 46.635890773020215 ], [ -74.508670439085364, 46.643160994102388 ], [ -74.501141408146324, 46.654994084835316 ], [ -74.514474084817863, 46.679244028779976 ], [ -74.502862521341299, 46.685132857859003 ], [ -74.501556758068475, 46.704910780204109 ], [ -74.488058425840208, 46.714739338826483 ], [ -74.49905658159139, 46.718577419410366 ], [ -74.487556013514961, 46.731549556766247 ], [ -74.500945450962391, 46.733688656333207 ], [ -74.499972950489337, 46.759799826054746 ], [ -74.483527790071591, 46.768244153615754 ], [ -74.483638639132749, 46.790244214494592 ], [ -74.471693769323778, 46.789771922523293 ], [ -74.484721299600949, 46.8669955768205 ], [ -74.478637648698367, 46.873162393505645 ], [ -74.467498372804798, 46.86585641939552 ], [ -74.453148063809863, 46.879195324414958 ], [ -74.456469949986015, 46.884606977179921 ], [ -74.427392454857255, 46.896586254780537 ], [ -74.574715700169548, 46.99750434647116 ], [ -74.415173282277919, 47.100718141993667 ], [ -74.466053188946859, 47.135694479272352 ], [ -74.434525898668397, 47.157526458962835 ], [ -74.489744844560079, 47.224558533246224 ], [ -74.653807082966125, 47.233932361127202 ], [ -74.656819614120749, 47.244004487043526 ], [ -74.646406378392001, 47.25285982935263 ], [ -74.618217667571955, 47.250958019402944 ], [ -74.604952928104083, 47.287313290198469 ], [ -74.586339590468285, 47.295758879624472 ], [ -74.58713274412203, 47.316387514540452 ], [ -74.580748080177173, 47.302333647092865 ], [ -74.560198665031677, 47.328855987676917 ], [ -74.553796701752148, 47.32895101627615 ], [ -74.557495699246388, 47.323518615920172 ], [ -74.553089310824305, 47.32132019295976 ], [ -74.548180854072058, 47.321967902884872 ], [ -74.551560870760682, 47.328962557615448 ], [ -74.542876735697291, 47.339485867605845 ], [ -74.540847748461658, 47.347630482820804 ], [ -74.549965391581608, 47.335247161675682 ], [ -74.547333809678605, 47.344033002712379 ], [ -74.529165502975218, 47.361217312406218 ], [ -74.51364116088844, 47.406396495632713 ], [ -74.445549173223242, 47.467203098452728 ], [ -74.446281433105469, 47.478981018066406 ], [ -74.426746890355645, 47.50691837014557 ], [ -74.446352241035783, 47.509708725447112 ], [ -74.457554998027589, 47.501537876890154 ], [ -74.487737580024458, 47.514091273935364 ], [ -74.508877376856745, 47.510127464828315 ], [ -74.507006106713078, 47.498271710568567 ], [ -74.539360046386719, 47.510585784912109 ], [ -74.559455871582031, 47.536735534667969 ], [ -74.598128549625486, 47.556759740832923 ], [ -74.653883479802289, 47.617101504718747 ], [ -74.689973934871233, 47.636333421125904 ], [ -74.698642622276509, 47.633487231198451 ], [ -74.889415317626145, 47.762621136332662 ] ] ] } },
{ "type": "Feature", "properties": { "code": "15", "nom": "Laurentides", "slug": "laurentides" }, "geometry": { "type": "Polygon", "coordinates": [ [ [ -75.538612237085431, 47.763261803061937 ], [ -74.88941531762606, 47.762621136332712 ], [ -74.698642622276509, 47.633487231198501 ], [ -74.689973934871205, 47.636333421125983 ], [ -74.653883479802289, 47.617101504718846 ], [ -74.598128549625471, 47.556759740833002 ], [ -74.559455871581974, 47.536735534667969 ], [ -74.539360046386605, 47.510585784912166 ], [ -74.507006106713106, 47.498271710568702 ], [ -74.508877376856731, 47.510127464828429 ], [ -74.487737580024486, 47.514091273935492 ], [ -74.457554998027547, 47.501537876890268 ], [ -74.446352241035811, 47.509708725447126 ], [ -74.42674689035556, 47.506918370145627 ], [ -74.446281433105355, 47.478981018066463 ], [ -74.445549173223185, 47.467203098452785 ], [ -74.513641160888426, 47.406396495632691 ], [ -74.529165502975218, 47.361217312406268 ], [ -74.547333809678548, 47.344033002712479 ], [ -74.549965391581622, 47.335247161675738 ], [ -74.540847748461658, 47.347630482820819 ], [ -74.551560870760682, 47.328962557615512 ], [ -74.548180854072029, 47.321967902884865 ], [ -74.560198665031635, 47.328855987677002 ], [ -74.580748080177159, 47.302333647092837 ], [ -74.587132744122016, 47.316387514540565 ], [ -74.586339590468299, 47.2957588796246 ], [ -74.604952928104012, 47.28731329019854 ], [ -74.618217667571912, 47.250958019402958 ], [ -74.646406378391987, 47.252859829352644 ], [ -74.656819614120707, 47.24400448704364 ], [ -74.653807082966125, 47.233932361127188 ], [ -74.48974484456005, 47.224558533246352 ], [ -74.434525898668426, 47.157526458962934 ], [ -74.466053188946773, 47.135694479272331 ], [ -74.415173282277863, 47.100718141993639 ], [ -74.574715700169577, 46.997504346471203 ], [ -74.427392454857227, 46.896586254780573 ], [ -74.456469949986001, 46.884606977179942 ], [ -74.453148063809749, 46.879195324415093 ], [ -74.467498372804812, 46.865856419395641 ], [ -74.478637648698395, 46.873162393505766 ], [ -74.484721299600892, 46.866995576820557 ], [ -74.471693769323792, 46.789771922523414 ], [ -74.483638639132778, 46.790244214494635 ], [ -74.483527790071491, 46.768244153615797 ], [ -74.49997295048928, 46.759799826054859 ], [ -74.50094545096232, 46.733688656333186 ], [ -74.487556013514904, 46.731549556766367 ], [ -74.499056581591333, 46.718577419410451 ], [ -74.488058425840165, 46.714739338826575 ], [ -74.501556758068489, 46.704910780204159 ], [ -74.502862521341285, 46.685132857859116 ], [ -74.514474084817778, 46.679244028779976 ], [ -74.501141408146282, 46.65499408483538 ], [ -74.508670439085279, 46.643160994102516 ], [ -74.496853943889334, 46.635890773020265 ], [ -74.500340792181134, 46.594772824177369 ], [ -74.495146545101761, 46.590689505861008 ], [ -74.477005420324531, 46.608244642516468 ], [ -74.45100439763263, 46.607605547607022 ], [ -74.444621339752416, 46.620774690549922 ], [ -74.343615381201971, 46.549305551671239 ], [ -74.477483687105632, 46.454093181026508 ], [ -74.334155053163443, 46.354003327558246 ], [ -74.412740661236114, 46.298945708715905 ], [ -74.267216253587037, 46.198125723365933 ], [ -74.182933091244649, 46.250280873681788 ], [ -74.03305113037095, 46.148707062565904 ], [ -74.077344124305682, 46.117162808509477 ], [ -74.025170946072365, 46.080983541132639 ], [ -74.00284701615999, 46.095803870342536 ], [ -73.960622495320649, 46.06493136129393 ], [ -74.005261409062371, 46.033017283755953 ], [ -73.978460686044912, 46.014111658505385 ], [ -74.002679890816182, 45.997935835082785 ], [ -73.935412974912651, 45.944245782882035 ], [ -73.950542644306154, 45.933182888067392 ], [ -73.882589270631513, 45.888470249777754 ], [ -73.901332246900949, 45.884535273370489 ], [ -73.807616043574058, 45.821660867218952 ], [ -73.824967317039807, 45.817708094217949 ], [ -73.730380824494887, 45.754582785384457 ], [ -73.751143557242642, 45.75049558550603 ], [ -73.745787877001305, 45.732439079733297 ], [ -73.759032890845219, 45.728328080776578 ], [ -73.756242171019494, 45.717896596110847 ], [ -73.764851050751702, 45.712964003148159 ], [ -73.846172880771292, 45.721942597401835 ], [ -73.78259494917711, 45.679803312959677 ], [ -73.766595340764923, 45.685407696228083 ], [ -73.745492456378315, 45.668664339973759 ], [ -73.795548632817884, 45.615147536780341 ], [ -73.825357230164514, 45.607398661612478 ], [ -73.838283629951377, 45.580323954714345 ], [ -73.88360247711023, 45.55971244764487 ], [ -73.882887116916834, 45.533876403760701 ], [ -73.933372497558537, 45.507545471191463 ], [ -73.972160339355469, 45.467819213867188 ], [ -74.033353916042586, 45.446959854147451 ], [ -74.094468119813314, 45.453043757852015 ], [ -74.211667172243665, 45.500043943289995 ], [ -74.329111128995862, 45.507640095872489 ], [ -74.372915787047475, 45.56125220239403 ], [ -74.436062889117125, 45.576489391348332 ], [ -74.47648082526041, 45.595656781601804 ], [ -74.537928077639208, 45.593352468839669 ], [ -74.643903966990592, 45.637521467497322 ], [ -74.700713231526947, 45.630578104917674 ], [ -74.807913489077464, 45.638301025113492 ], [ -74.771114695312576, 45.760845018095154 ], [ -74.714585482703455, 45.887890589909205 ], [ -74.698245853665185, 45.97177834706082 ], [ -74.763217551020034, 45.972748187410502 ], [ -74.764243636359026, 45.946252148750148 ], [ -74.801727864097757, 45.944758182479973 ], [ -74.807734225380329, 45.973136181695224 ], [ -74.831661523624746, 45.973234592335018 ], [ -74.837087124032394, 46.016882762335513 ], [ -74.85822607352037, 46.016669450925917 ], [ -74.858694531928904, 46.062974886183326 ], [ -74.939090611722179, 46.062287657947195 ], [ -74.939433912662253, 46.105811364688805 ], [ -75.089904333466052, 46.103250571395847 ], [ -75.075229993675293, 46.215286661088669 ], [ -75.117388315589722, 46.215204796738533 ], [ -75.116558245524857, 46.184782616242387 ], [ -75.137643524927341, 46.184946088292634 ], [ -75.137278588304923, 46.160568217326158 ], [ -75.156307804844289, 46.160603759178457 ], [ -75.155931678717081, 46.132295695438813 ], [ -75.176978458804456, 46.132304545135753 ], [ -75.176360549950573, 46.103409053083169 ], [ -75.408302789796608, 46.097616742950095 ], [ -75.408285939009431, 45.973177445115084 ], [ -75.60002344677946, 45.971388183108445 ], [ -75.599874822487209, 45.994400989137773 ], [ -75.620374800002821, 45.994416565815129 ], [ -75.620436645577342, 45.982396208018713 ], [ -75.662478755619475, 45.982460032985898 ], [ -75.665546548862267, 45.9703962076332 ], [ -75.745753548462858, 45.973000349313054 ], [ -75.766424773505264, 45.95651467563448 ], [ -75.777255954603902, 45.952886989089507 ], [ -75.784668211396308, 45.959225984069121 ], [ -75.774871969870787, 45.967518462446662 ], [ -75.782749696832752, 45.969988562792821 ], [ -75.776026824698022, 45.985836112925767 ], [ -75.740247763367279, 46.005632680826636 ], [ -75.745333407388216, 46.007654859539343 ], [ -75.699221779689822, 46.022951984140491 ], [ -75.763491126469773, 46.022734334440429 ], [ -75.768344592545361, 46.173835417191469 ], [ -75.799013492473819, 46.174121621875031 ], [ -75.810299610097047, 46.195382607201111 ], [ -75.802477522581739, 46.216827645653325 ], [ -75.813144850910135, 46.224916675325744 ], [ -75.783033236183428, 46.282010327724606 ], [ -75.788354732113987, 46.293465454389263 ], [ -75.81423379589063, 46.306121790630016 ], [ -75.706619229425144, 46.308717231890853 ], [ -75.705591808628981, 46.438816345825046 ], [ -75.745213993524771, 46.438256989145657 ], [ -75.747548957834056, 46.844825119299344 ], [ -75.810960903639113, 46.844890195431901 ], [ -75.820649379259123, 46.82796729463405 ], [ -75.856600352073201, 46.814525719320955 ], [ -75.894269047787304, 46.816776508884232 ], [ -75.912011670378718, 46.842331076723838 ], [ -75.971081487712752, 46.878391290764739 ], [ -75.995247389530618, 46.887975538330636 ], [ -76.019726614093713, 46.886139820762992 ], [ -76.01598767093634, 46.897011972157316 ], [ -76.036232653296906, 46.889323014520812 ], [ -76.051578760827226, 46.90248107011314 ], [ -76.127978606352258, 46.920411883972236 ], [ -76.137733851895291, 46.937355641221586 ], [ -76.133570562673015, 46.969924826672241 ], [ -76.139646947612221, 46.975720519026027 ], [ -76.12972214604514, 46.985689557239766 ], [ -76.148757879100572, 47.006796222798016 ], [ -76.10331890828661, 47.030449312054145 ], [ -76.091275468878621, 47.130811693962585 ], [ -76.099911668658194, 47.150524580853244 ], [ -76.100794059220334, 47.183824774070388 ], [ -76.055091004993585, 47.198617832312209 ], [ -76.029495682785523, 47.195263606847334 ], [ -76.027239663316948, 47.18857665928175 ], [ -75.976500824022764, 47.203255856372493 ], [ -75.88184942737746, 47.282423398240894 ], [ -75.8249794234614, 47.313600764631872 ], [ -75.795736004902153, 47.318435351674736 ], [ -75.746886938847581, 47.293053903016016 ], [ -75.747833508631061, 47.272918796374825 ], [ -75.726028665575996, 47.268158801559593 ], [ -75.711451873261638, 47.270464508329496 ], [ -75.714385937073985, 47.285674517332893 ], [ -75.690569960026892, 47.277646626500768 ], [ -75.678597128100819, 47.285563277485153 ], [ -75.647847020867914, 47.281750957099177 ], [ -75.646550093957728, 47.253246220415235 ], [ -75.622273198157131, 47.22842342480709 ], [ -75.629013241447296, 47.218849364949847 ], [ -75.620450135499425, 47.200117633329285 ], [ -75.628806321476873, 47.199236919718771 ], [ -75.626351230731359, 47.180813045083653 ], [ -75.594826746293791, 47.185435728854145 ], [ -75.572593141970913, 47.20672341749588 ], [ -75.559344781971276, 47.207308624949007 ], [ -75.520810485172319, 47.252633329903063 ], [ -75.473452544723671, 47.282386265891262 ], [ -75.45736583971302, 47.317516253651434 ], [ -75.473854982690341, 47.33891787550499 ], [ -75.46043710114742, 47.367888536956343 ], [ -75.389037201541328, 47.42820295016935 ], [ -75.377607492968991, 47.471219097540541 ], [ -75.308027267751754, 47.547913481753426 ], [ -75.310232299208906, 47.555336506066851 ], [ -75.319308311284487, 47.553562601229999 ], [ -75.344752012028948, 47.571953815623488 ], [ -75.360287100973494, 47.570213304587583 ], [ -75.365603892056583, 47.594177959280273 ], [ -75.35409668026557, 47.610023797776705 ], [ -75.369599153139234, 47.62714238751056 ], [ -75.395524128893555, 47.601375018826104 ], [ -75.392014100404992, 47.587957092270642 ], [ -75.414915121120259, 47.589314031387971 ], [ -75.42893904485436, 47.616152036974427 ], [ -75.419348425753412, 47.630090678336956 ], [ -75.446512533071257, 47.663614563232443 ], [ -75.456052737390337, 47.672566129410313 ], [ -75.473383250043298, 47.672574005517561 ], [ -75.486472354436614, 47.690369389298326 ], [ -75.524603948137212, 47.710975068330015 ], [ -75.5309482396151, 47.74607501180509 ], [ -75.542530881694745, 47.756564514522211 ], [ -75.538612237085431, 47.763261803061937 ] ] ] } },
{ "type": "Feature", "properties": { "code": "16", "nom": "Montérégie", "slug": "monteregie" }, "geometry": { "type": "Polygon", "coordinates": [ [ [ -72.9918416225877, 46.111772884930204 ], [ -72.944791584451551, 46.079102366601013 ], [ -72.94439697265625, 46.088531494140625 ], [ -72.942169189453125, 46.0894775390625 ], [ -72.94097193515627, 46.07644067083789 ], [ -72.880280150389041, 46.034188446512502 ], [ -72.868364318852329, 46.033639404469135 ], [ -72.860720899037375, 46.043033142936579 ], [ -72.829695283684401, 46.021146397686458 ], [ -72.828079575131738, 46.032945120015462 ], [ -72.798621924526444, 46.014447074795171 ], [ -72.803562001766011, 45.997359705312782 ], [ -72.790055457501751, 45.991944293732764 ], [ -72.805245255331229, 45.981325809798896 ], [ -72.752657932502913, 45.942916349226181 ], [ -72.793708765550718, 45.906712568655713 ], [ -72.850455251380581, 45.883521972675055 ], [ -72.853018629488616, 45.863892116267131 ], [ -72.704209196188373, 45.758904829252138 ], [ -72.680424955847968, 45.775770148303849 ], [ -72.646150754592952, 45.755802097268919 ], [ -72.602080324770611, 45.792403301434767 ], [ -72.563115796117629, 45.765904197217722 ], [ -72.577956946428827, 45.752525157167298 ], [ -72.315567455197467, 45.599233276153903 ], [ -72.343436414712713, 45.599059766924249 ], [ -72.359417765245496, 45.589412207079029 ], [ -72.36076900148403, 45.567209791065032 ], [ -72.378131210117274, 45.566449294954758 ], [ -72.37859063235193, 45.529406059464307 ], [ -72.402819331470198, 45.528567977640449 ], [ -72.40400767151641, 45.449185543208436 ], [ -72.454527938384274, 45.451467867941751 ], [ -72.449007364709175, 45.493674072697097 ], [ -72.585646830620448, 45.498323132842266 ], [ -72.58351739685105, 45.525463343542526 ], [ -72.606122890294941, 45.52589596930283 ], [ -72.605062395208577, 45.53758406013624 ], [ -72.676185771092221, 45.538812033499077 ], [ -72.675417548207562, 45.530923715668067 ], [ -72.690839844514755, 45.531285961622039 ], [ -72.690627910607773, 45.523755403288774 ], [ -72.773169096744653, 45.524827672165813 ], [ -72.772803025375524, 45.5383541003673 ], [ -72.799659204344422, 45.537953098985312 ], [ -72.823767910516452, 45.431214552307608 ], [ -72.883017922444793, 45.265551315161062 ], [ -72.989914584957504, 45.341840389975069 ], [ -72.989280744695336, 45.334549784611433 ], [ -73.009656145382706, 45.337525137898368 ], [ -73.010339075903204, 45.330158312015378 ], [ -73.048865244024356, 45.325313034911133 ], [ -73.047811775570906, 45.311285621904076 ], [ -73.013981410302492, 45.289074785386262 ], [ -73.015647320047577, 45.272015168504957 ], [ -73.046187822231104, 45.29337475487614 ], [ -73.050505536932917, 45.268124052770304 ], [ -73.058200496338415, 45.273337386434406 ], [ -73.058928690063425, 45.265099817665131 ], [ -73.063527158555729, 45.267823461732824 ], [ -73.06810493791572, 45.229605339330298 ], [ -73.073990812826622, 45.228845244251396 ], [ -73.058266517762675, 45.21459230110549 ], [ -73.0909089856668, 45.196276036854293 ], [ -73.085881521246932, 45.14010440090243 ], [ -73.101242894941791, 45.140069078135085 ], [ -73.097156837299991, 45.101581031321409 ], [ -73.106978020402067, 45.104508220557804 ], [ -73.107575346255842, 45.097150297567758 ], [ -73.115834526571149, 45.097124203752109 ], [ -73.115206009134312, 45.08185163058203 ], [ -73.104482000363078, 45.082081638109848 ], [ -73.139880246503296, 45.01440584174712 ], [ -74.150133333, 44.991358333 ], [ -74.663055556, 44.998916667 ], [ -74.66980081727084, 45.005561627085321 ], [ -74.652393568033716, 45.030018538463636 ], [ -74.565692764682737, 45.046296935944255 ], [ -74.510577525679011, 45.07674177615295 ], [ -74.495215224321385, 45.064741923869107 ], [ -74.442324448293832, 45.131213213137997 ], [ -74.377042739042452, 45.155213066099797 ], [ -74.31951904296875, 45.188507080078125 ], [ -74.472030639648438, 45.302860260009766 ], [ -74.381043266584598, 45.565557529798944 ], [ -74.356232048417723, 45.548373141052096 ], [ -74.339610777790014, 45.513835308044762 ], [ -74.325109710449297, 45.506414688391594 ], [ -74.211667172243693, 45.500043943289974 ], [ -74.091968044017463, 45.452599257440411 ], [ -74.038437517212358, 45.446432176246844 ], [ -73.996603555046221, 45.457486756230942 ], [ -73.981826782226562, 45.416488647460938 ], [ -73.94903564453125, 45.401069641113281 ], [ -73.918876647949219, 45.398349761962891 ], [ -73.886215209960938, 45.409893035888672 ], [ -73.822181701660156, 45.385402679443359 ], [ -73.796287536621094, 45.407737731933594 ], [ -73.767951965332031, 45.418682098388672 ], [ -73.67181396484375, 45.422569274902344 ], [ -73.636253356933594, 45.409652709960938 ], [ -73.551361083984375, 45.421680450439453 ], [ -73.522254943847656, 45.450626373291016 ], [ -73.529731750488281, 45.49169921875 ], [ -73.519233703613281, 45.495193481445312 ], [ -73.531448364257812, 45.536468505859375 ], [ -73.50164794921875, 45.574722290039062 ], [ -73.498519897460938, 45.612445831298828 ], [ -73.476913790189514, 45.643632758007222 ], [ -73.486595153808594, 45.668052673339844 ], [ -73.477439880371094, 45.698959350585938 ], [ -73.460920702494008, 45.703787766909173 ], [ -73.425253711950049, 45.736553449740107 ], [ -73.419196310242711, 45.753844563192004 ], [ -73.38555829350102, 45.789242771282233 ], [ -73.36658455029702, 45.786069749563097 ], [ -73.325682760457369, 45.803718085179469 ], [ -73.279070021099926, 45.84217630246701 ], [ -73.189098534170142, 45.979160361820696 ], [ -73.156100007364543, 46.046304484587814 ], [ -73.087985673012881, 46.06402398495549 ], [ -73.042749941443176, 46.106830241781068 ], [ -72.9918416225877, 46.111772884930204 ] ] ] } },
{ "type": "Feature", "properties": { "code": "17", "nom": "Centre-du-Québec", "slug": "centre-du-quebec" }, "geometry": { "type": "Polygon", "coordinates": [ [ [ -72.125016678473514, 46.568426912176825 ], [ -72.054319540880755, 46.570510288946771 ], [ -72.011810709617492, 46.543664563174758 ], [ -71.759703433336469, 46.363929123837885 ], [ -71.617579407570261, 46.451709042415267 ], [ -71.565535017121817, 46.412845303414692 ], [ -71.530865360552994, 46.434003041491387 ], [ -71.478982776544854, 46.395865105164631 ], [ -71.508141920125908, 46.376578142044615 ], [ -71.481428693572184, 46.356011935710292 ], [ -71.508493083960843, 46.338389478835033 ], [ -71.371928215563756, 46.26780988490259 ], [ -71.419267578700797, 46.223292789426431 ], [ -71.434582723942029, 46.230830006427432 ], [ -71.445488732969153, 46.220214864183063 ], [ -71.466819871408873, 46.231183119279827 ], [ -71.484864738283079, 46.214347613075702 ], [ -71.48325122219974, 46.206641403451336 ], [ -71.529474144444009, 46.163133011593509 ], [ -71.523117380845278, 46.159971133061276 ], [ -71.533885708932146, 46.149151283452049 ], [ -71.509699072315485, 46.137349660940103 ], [ -71.686121362008549, 45.966713138911572 ], [ -71.562123107448627, 45.906033641101196 ], [ -71.55140491554377, 45.916106323943126 ], [ -71.455447195410585, 45.872099564163776 ], [ -71.466361490684307, 45.821665122245811 ], [ -71.459208680838614, 45.818120632949572 ], [ -71.497968790381336, 45.791885597730747 ], [ -71.522464003797552, 45.804399017759856 ], [ -71.541555847546647, 45.787805202357653 ], [ -71.617303269559159, 45.83049655838785 ], [ -71.635525817373363, 45.813934019756502 ], [ -71.769950572588968, 45.885288029796705 ], [ -71.861442637909448, 45.798568044333663 ], [ -71.904668638314575, 45.804820869238554 ], [ -71.921279459290673, 45.796338605498882 ], [ -72.029645142839385, 45.853414997200019 ], [ -72.20633883209635, 45.696387394365686 ], [ -72.223936824346495, 45.716405133482233 ], [ -72.212717637267502, 45.725069898797166 ], [ -72.215314065999436, 45.732320755183011 ], [ -72.235945910162513, 45.738260132133199 ], [ -72.221966117444779, 45.747935016001293 ], [ -72.227078742366743, 45.756055907991872 ], [ -72.31075812370581, 45.688541757445165 ], [ -72.237094578727735, 45.646273306191603 ], [ -72.297584203039449, 45.589444981869654 ], [ -72.577956946428785, 45.752525157167312 ], [ -72.563115796117472, 45.765904197217729 ], [ -72.602080324770654, 45.792403301434803 ], [ -72.646150754592739, 45.755802097268948 ], [ -72.680424955847784, 45.775770148303863 ], [ -72.704209196188344, 45.758904829252153 ], [ -72.853018629488545, 45.863892116267188 ], [ -72.850455251380424, 45.883521972675098 ], [ -72.793708765550733, 45.906712568655735 ], [ -72.752657932502927, 45.942916349226209 ], [ -72.805245255331073, 45.981325809798932 ], [ -72.790055457501794, 45.99194429373275 ], [ -72.803562001766011, 45.997359705312832 ], [ -72.798621924526259, 46.014447074795171 ], [ -72.828079575131554, 46.032945120015469 ], [ -72.829695283684416, 46.021146397686451 ], [ -72.86072089903719, 46.043033142936586 ], [ -72.868364318852358, 46.033639404469113 ], [ -72.880280150389069, 46.034188446512545 ], [ -72.940971935156156, 46.076440670837904 ], [ -72.942169189452926, 46.089477539062507 ], [ -72.944791584451551, 46.079102366601035 ], [ -72.991841622587742, 46.11177288493019 ], [ -72.965302707660697, 46.114207735374187 ], [ -72.936939568592052, 46.150596332455763 ], [ -72.901577125303376, 46.173707365145006 ], [ -72.758794341673536, 46.219373880203733 ], [ -72.578425308413159, 46.295066857303802 ], [ -72.457086281724443, 46.382621389775956 ], [ -72.37872213379876, 46.410149220301541 ], [ -72.263940504467556, 46.43542711429194 ], [ -72.244479290675898, 46.452117401117945 ], [ -72.221659680756531, 46.511399230877146 ], [ -72.190325042956985, 46.538065822815526 ], [ -72.125016678473514, 46.568426912176825 ] ] ] } }
]
}
